date,symbol,expiration,dte,option_type,strike,bid,ask,mid,delta,gamma,theta,vega,iv,open_interest,volume
2025-03-10,QQQ,2025-03-14,4,call,490.0,30.09,31.31,30.7,0.9999,6e-05,-0.0006,0.2793,16.0,100,25
2025-03-10,QQQ,2025-03-14,4,put,490.0,0.01,0.02,0.01,-0.0001,6e-05,-0.0006,0.2793,16.0,100,25
2025-03-10,QQQ,2025-03-14,4,call,495.0,25.19,26.22,25.7,0.9988,0.00046,-0.0044,2.106,16.0,100,25
2025-03-10,QQQ,2025-03-14,4,put,495.0,0.01,0.02,0.01,-0.0012,0.00046,-0.0044,2.106,16.0,100,25
2025-03-10,QQQ,2025-03-14,4,call,500.0,20.31,21.14,20.73,0.9925,0.00239,-0.0227,10.8383,16.0,100,25
2025-03-10,QQQ,2025-03-14,4,put,500.0,0.02,0.02,0.02,-0.0075,0.00239,-0.0227,10.8383,16.0,100,25
2025-03-10,QQQ,2025-03-14,4,call,505.0,15.5,16.13,15.81,0.9668,0.00848,-0.0806,38.4894,16.0,814,203
2025-03-10,QQQ,2025-03-14,4,put,505.0,0.11,0.12,0.11,-0.0332,0.00848,-0.0806,38.4894,16.0,488,122
2025-03-10,QQQ,2025-03-14,4,call,510.0,10.92,11.37,11.14,0.894,0.02099,-0.1996,95.3422,16.0,5097,1274
2025-03-10,QQQ,2025-03-14,4,put,510.0,0.44,0.46,0.45,-0.106,0.02099,-0.1996,95.3422,16.0,3058,764
2025-03-10,QQQ,2025-03-14,4,call,515.0,6.89,7.17,7.03,0.7471,0.03666,-0.3485,166.4619,16.0,15920,3980
2025-03-10,QQQ,2025-03-14,4,put,515.0,1.31,1.36,1.33,-0.2529,0.03666,-0.3485,166.4619,16.0,9552,2388
2025-03-10,QQQ,2025-03-14,4,call,520.0,3.76,3.91,3.83,0.5353,0.04556,-0.4332,206.9139,16.0,24830,6207
2025-03-10,QQQ,2025-03-14,4,put,520.0,3.08,3.2,3.14,-0.4647,0.04556,-0.4332,206.9139,16.0,14898,3724
2025-03-10,QQQ,2025-03-14,4,call,525.0,1.72,1.79,1.75,0.3147,0.04071,-0.3871,184.8911,16.0,19337,4834
2025-03-10,QQQ,2025-03-14,4,put,525.0,5.94,6.18,6.06,-0.6853,0.04071,-0.3871,184.8911,16.0,11602,2900
2025-03-10,QQQ,2025-03-14,4,call,530.0,0.64,0.67,0.66,0.1472,0.0264,-0.251,119.8825,16.0,7520,1880
2025-03-10,QQQ,2025-03-14,4,put,530.0,9.76,10.16,9.96,-0.8528,0.0264,-0.251,119.8825,16.0,4512,1128
2025-03-10,QQQ,2025-03-14,4,call,535.0,0.19,0.2,0.2,0.0538,0.01253,-0.1192,56.9155,16.0,1460,365
2025-03-10,QQQ,2025-03-14,4,put,535.0,14.21,14.79,14.5,-0.9462,0.01253,-0.1192,56.9155,16.0,876,219
2025-03-10,QQQ,2025-03-14,4,call,540.0,0.05,0.05,0.05,0.0152,0.00439,-0.0418,19.9585,16.0,141,35
2025-03-10,QQQ,2025-03-14,4,put,540.0,18.96,19.73,19.34,-0.9848,0.00439,-0.0418,19.9585,16.0,100,25
2025-03-10,QQQ,2025-03-14,4,call,545.0,0.01,0.02,0.01,0.0033,0.00115,-0.0109,5.2133,16.0,100,25
2025-03-10,QQQ,2025-03-14,4,put,545.0,23.82,24.79,24.3,-0.9967,0.00115,-0.0109,5.2133,16.0,100,25
2025-03-10,QQQ,2025-03-14,4,call,550.0,0.01,0.02,0.01,0.0006,0.00023,-0.0021,1.0226,16.0,100,25
2025-03-10,QQQ,2025-03-14,4,put,550.0,28.72,29.89,29.3,-0.9994,0.00023,-0.0021,1.0226,16.0,100,25
2025-03-10,QQQ,2025-03-14,4,call,555.0,0.01,0.02,0.01,0.0001,3e-05,-0.0003,0.1518,16.0,100,25
2025-03-10,QQQ,2025-03-14,4,put,555.0,33.61,34.99,34.3,-0.9999,3e-05,-0.0003,0.1518,16.0,100,25
2025-03-10,QQQ,2025-03-21,11,call,490.0,30.16,31.39,30.77,0.9862,0.00244,-0.0232,18.4027,16.0,100,25
2025-03-10,QQQ,2025-03-21,11,put,490.0,0.07,0.07,0.07,-0.0138,0.00244,-0.0232,18.4027,16.0,100,25
2025-03-10,QQQ,2025-03-21,11,call,495.0,25.37,26.41,25.89,0.9668,0.00511,-0.0486,38.4915,16.0,100,25
2025-03-10,QQQ,2025-03-21,11,put,495.0,0.19,0.19,0.19,-0.0332,0.00511,-0.0486,38.4915,16.0,100,25
2025-03-10,QQQ,2025-03-21,11,call,500.0,20.73,21.58,21.16,0.9298,0.0093,-0.0885,70.0615,16.0,100,25
2025-03-10,QQQ,2025-03-21,11,put,500.0,0.45,0.46,0.46,-0.0702,0.0093,-0.0885,70.0615,16.0,100,25
2025-03-10,QQQ,2025-03-21,11,call,505.0,16.34,17.01,16.68,0.8678,0.0148,-0.1407,111.4273,16.0,814,203
2025-03-10,QQQ,2025-03-21,11,put,505.0,0.95,0.99,0.97,-0.1322,0.0148,-0.1407,111.4273,16.0,488,122
2025-03-10,QQQ,2025-03-21,11,call,510.0,12.33,12.84,12.59,0.7768,0.02064,-0.1963,155.4554,16.0,5097,1274
2025-03-10,QQQ,2025-03-21,11,put,510.0,1.85,1.92,1.89,-0.2232,0.02064,-0.1963,155.4554,16.0,3058,764
2025-03-10,QQQ,2025-03-21,11,call,515.0,8.85,9.21,9.03,0.6592,0.02536,-0.2411,190.9698,16.0,15920,3980
2025-03-10,QQQ,2025-03-21,11,put,515.0,3.27,3.4,3.33,-0.3408,0.02536,-0.2411,190.9698,16.0,9552,2388
2025-03-10,QQQ,2025-03-21,11,call,520.0,6.0,6.25,6.12,0.5248,0.02753,-0.2618,207.3262,16.0,24830,6207
2025-03-10,QQQ,2025-03-21,11,put,520.0,5.31,5.53,5.42,-0.4752,0.02753,-0.2618,207.3262,16.0,14898,3724
2025-03-10,QQQ,2025-03-21,11,call,525.0,3.82,3.97,3.9,0.3889,0.02651,-0.252,199.6202,16.0,19337,4834
2025-03-10,QQQ,2025-03-21,11,put,525.0,8.03,8.36,8.2,-0.6111,0.02651,-0.252,199.6202,16.0,11602,2900
2025-03-10,QQQ,2025-03-21,11,call,530.0,2.27,2.36,2.31,0.2665,0.02271,-0.2159,171.0379,16.0,7520,1880
2025-03-10,QQQ,2025-03-21,11,put,530.0,11.38,11.85,11.62,-0.7335,0.02271,-0.2159,171.0379,16.0,4512,1128
2025-03-10,QQQ,2025-03-21,11,call,535.0,1.25,1.31,1.28,0.1681,0.01737,-0.1652,130.8412,16.0,1460,365
2025-03-10,QQQ,2025-03-21,11,put,535.0,15.27,15.89,15.58,-0.8319,0.01737,-0.1652,130.8412,16.0,876,219
2025-03-10,QQQ,2025-03-21,11,call,540.0,0.64,0.67,0.66,0.0974,0.0119,-0.1132,89.6475,16.0,141,35
2025-03-10,QQQ,2025-03-21,11,put,540.0,19.56,20.36,19.96,-0.9026,0.0119,-0.1132,89.6475,16.0,100,25
2025-03-10,QQQ,2025-03-21,11,call,545.0,0.3,0.32,0.31,0.0517,0.00733,-0.0697,55.183,16.0,100,25
2025-03-10,QQQ,2025-03-21,11,put,545.0,24.12,25.1,24.61,-0.9483,0.00733,-0.0697,55.183,16.0,100,25
2025-03-10,QQQ,2025-03-21,11,call,550.0,0.13,0.14,0.14,0.0252,0.00406,-0.0386,30.6078,16.0,100,25
2025-03-10,QQQ,2025-03-21,11,put,550.0,28.85,30.03,29.44,-0.9748,0.00406,-0.0386,30.6078,16.0,100,25
2025-03-10,QQQ,2025-03-21,11,call,555.0,0.05,0.06,0.06,0.0112,0.00204,-0.0194,15.3413,16.0,100,25
2025-03-10,QQQ,2025-03-21,11,put,555.0,33.67,35.04,34.36,-0.9888,0.00204,-0.0194,15.3413,16.0,100,25
2025-03-10,QQQ,2025-03-28,18,call,490.0,30.4,31.64,31.02,0.958,0.00484,-0.0461,46.6721,16.0,100,25
2025-03-10,QQQ,2025-03-28,18,put,490.0,0.31,0.33,0.32,-0.042,0.00484,-0.0461,46.6721,16.0,100,25
2025-03-10,QQQ,2025-03-28,18,call,495.0,25.8,26.85,26.33,0.9254,0.00762,-0.0725,73.4118,16.0,100,25
2025-03-10,QQQ,2025-03-28,18,put,495.0,0.61,0.64,0.62,-0.0746,0.00762,-0.0725,73.4118,16.0,100,25
2025-03-10,QQQ,2025-03-28,18,call,500.0,21.41,22.28,21.84,0.8769,0.01101,-0.1047,106.0653,16.0,100,25
2025-03-10,QQQ,2025-03-28,18,put,500.0,1.12,1.17,1.15,-0.1231,0.01101,-0.1047,106.0653,16.0,100,25
2025-03-10,QQQ,2025-03-28,18,call,505.0,17.31,18.02,17.66,0.8104,0.01465,-0.1393,141.1108,16.0,814,203
2025-03-10,QQQ,2025-03-28,18,put,505.0,1.92,2.0,1.96,-0.1896,0.01465,-0.1393,141.1108,16.0,488,122
2025-03-10,QQQ,2025-03-28,18,call,510.0,13.59,14.14,13.87,0.7265,0.01799,-0.171,173.2876,16.0,5097,1274
2025-03-10,QQQ,2025-03-28,18,put,510.0,3.1,3.23,3.17,-0.2735,0.01799,-0.171,173.2876,16.0,3058,764
2025-03-10,QQQ,2025-03-28,18,call,515.0,10.33,10.75,10.54,0.6284,0.02044,-0.1943,196.8791,16.0,15920,3980
2025-03-10,QQQ,2025-03-28,18,put,515.0,4.74,4.94,4.84,-0.3716,0.02044,-0.1943,196.8791,16.0,9552,2388
2025-03-10,QQQ,2025-03-28,18,call,520.0,7.58,7.89,7.73,0.5222,0.02153,-0.2047,207.4081,16.0,24830,6207
2025-03-10,QQQ,2025-03-28,18,put,520.0,6.89,7.17,7.03,-0.4778,0.02153,-0.2047,207.4081,16.0,14898,3724
2025-03-10,QQQ,2025-03-28,18,call,525.0,5.35,5.57,5.46,0.4154,0.02108,-0.2004,203.0398,16.0,19337,4834
2025-03-10,QQQ,2025-03-28,18,put,525.0,9.56,9.95,9.75,-0.5846,0.02108,-0.2004,203.0398,16.0,11602,2900
2025-03-10,QQQ,2025-03-28,18,call,530.0,3.63,3.78,3.71,0.3154,0.01921,-0.1827,185.0839,16.0,7520,1880
2025-03-10,QQQ,2025-03-28,18,put,530.0,12.74,13.26,13.0,-0.6846,0.01921,-0.1827,185.0839,16.0,4512,1128
2025-03-10,QQQ,2025-03-28,18,call,535.0,2.36,2.46,2.41,0.2282,0.01634,-0.1554,157.42,16.0,1460,365
2025-03-10,QQQ,2025-03-28,18,put,535.0,16.37,17.04,16.7,-0.7718,0.01634,-0.1554,157.42,16.0,876,219
2025-03-10,QQQ,2025-03-28,18,call,540.0,1.47,1.53,1.5,0.1571,0.01299,-0.1235,125.1692,16.0,141,35
2025-03-10,QQQ,2025-03-28,18,put,540.0,20.38,21.21,20.8,-0.8429,0.01299,-0.1235,125.1692,16.0,100,25
2025-03-10,QQQ,2025-03-28,18,call,545.0,0.87,0.91,0.89,0.1028,0.00968,-0.092,93.2168,16.0,100,25
2025-03-10,QQQ,2025-03-28,18,put,545.0,24.69,25.7,25.2,-0.8972,0.00968,-0.092,93.2168,16.0,100,25
2025-03-10,QQQ,2025-03-28,18,call,550.0,0.5,0.52,0.51,0.0639,0.00676,-0.0643,65.1384,16.0,100,25
2025-03-10,QQQ,2025-03-28,18,put,550.0,29.21,30.4,29.8,-0.9361,0.00676,-0.0643,65.1384,16.0,100,25
2025-03-10,QQQ,2025-03-28,18,call,555.0,0.27,0.28,0.28,0.0377,0.00444,-0.0422,42.7845,16.0,100,25
2025-03-10,QQQ,2025-03-28,18,put,555.0,33.88,35.27,34.58,-0.9623,0.00444,-0.0422,42.7845,16.0,100,25
2025-03-10,QQQ,2025-04-04,25,call,490.0,30.76,32.02,31.39,0.9295,0.00619,-0.0589,70.2878,16.0,100,25
2025-03-10,QQQ,2025-04-04,25,put,490.0,0.68,0.71,0.7,-0.0705,0.00619,-0.0589,70.2878,16.0,100,25
2025-03-10,QQQ,2025-04-04,25,call,495.0,26.33,27.41,26.87,0.8906,0.00859,-0.0817,97.5276,16.0,100,25
2025-03-10,QQQ,2025-04-04,25,put,495.0,1.15,1.19,1.17,-0.1094,0.00859,-0.0817,97.5276,16.0,100,25
2025-03-10,QQQ,2025-04-04,25,call,500.0,22.14,23.04,22.59,0.8388,0.01121,-0.1066,127.2917,16.0,100,25
2025-03-10,QQQ,2025-04-04,25,put,500.0,1.85,1.93,1.89,-0.1612,0.01121,-0.1066,127.2917,16.0,100,25
2025-03-10,QQQ,2025-04-04,25,call,505.0,18.24,18.98,18.61,0.774,0.01379,-0.1311,156.558,16.0,814,203
2025-03-10,QQQ,2025-04-04,25,put,505.0,2.85,2.97,2.91,-0.226,0.01379,-0.1311,156.558,16.0,488,122
2025-03-10,QQQ,2025-04-04,25,call,510.0,14.7,15.3,15.0,0.6973,0.01601,-0.1522,181.7622,16.0,5097,1274
2025-03-10,QQQ,2025-04-04,25,put,510.0,4.21,4.38,4.29,-0.3027,0.01601,-0.1522,181.7622,16.0,3058,764
2025-03-10,QQQ,2025-04-04,25,call,515.0,11.56,12.03,11.79,0.6117,0.01757,-0.1671,199.5299,16.0,15920,3980
2025-03-10,QQQ,2025-04-04,25,put,515.0,5.98,6.22,6.1,-0.3883,0.01757,-0.1671,199.5299,16.0,9552,2388
2025-03-10,QQQ,2025-04-04,25,call,520.0,8.87,9.23,9.05,0.5212,0.01827,-0.1737,207.437,16.0,24830,6207
2025-03-10,QQQ,2025-04-04,25,put,520.0,8.18,8.51,8.34,-0.4788,0.01827,-0.1737,207.437,16.0,14898,3724
2025-03-10,QQQ,2025-04-04,25,call,525.0,6.62,6.89,6.75,0.4304,0.01802,-0.1713,204.5559,16.0,19337,4834
2025-03-10,QQQ,2025-04-04,25,put,525.0,10.83,11.27,11.05,-0.5696,0.01802,-0.1713,204.5559,16.0,11602,2900
2025-03-10,QQQ,2025-04-04,25,call,530.0,4.8,5.0,4.9,0.3439,0.01688,-0.1605,191.6176,16.0,7520,1880
2025-03-10,QQQ,2025-04-04,25,put,530.0,13.91,14.48,14.2,-0.6561,0.01688,-0.1605,191.6176,16.0,4512,1128
2025-03-10,QQQ,2025-04-04,25,call,535.0,3.38,3.52,3.45,0.2656,0.01504,-0.143,170.7592,16.0,1460,365
2025-03-10,QQQ,2025-04-04,25,put,535.0,17.4,18.11,17.75,-0.7344,0.01504,-0.143,170.7592,16.0,876,219
2025-03-10,QQQ,2025-04-04,25,call,540.0,2.31,2.41,2.36,0.1982,0.01277,-0.1214,144.9654,16.0,141,35
2025-03-10,QQQ,2025-04-04,25,put,540.0,21.23,22.09,21.66,-0.8018,0.01277,-0.1214,144.9654,16.0,100,25
2025-03-10,QQQ,2025-04-04,25,call,545.0,1.53,1.59,1.56,0.1427,0.01034,-0.0983,117.3985,16.0,100,25
2025-03-10,QQQ,2025-04-04,25,put,545.0,25.35,26.38,25.87,-0.8573,0.01034,-0.0983,117.3985,16.0,100,25
2025-03-10,QQQ,2025-04-04,25,call,550.0,0.98,1.02,1.0,0.0991,0.008,-0.0761,90.8124,16.0,100,25
2025-03-10,QQQ,2025-04-04,25,put,550.0,29.7,30.91,30.3,-0.9009,0.008,-0.0761,90.8124,16.0,100,25
2025-03-10,QQQ,2025-04-04,25,call,555.0,0.61,0.64,0.62,0.0665,0.00592,-0.0563,67.1829,16.0,100,25
2025-03-10,QQQ,2025-04-04,25,put,555.0,34.23,35.62,34.92,-0.9335,0.00592,-0.0563,67.1829,16.0,100,25
2025-03-10,QQQ,2025-05-09,60,call,490.0,33.1,34.45,33.78,0.8338,0.00738,-0.0702,129.8735,16.0,100,25
2025-03-10,QQQ,2025-05-09,60,put,490.0,3.01,3.14,3.08,-0.1662,0.00738,-0.0702,129.8735,16.0,100,25
2025-03-10,QQQ,2025-05-09,60,call,495.0,29.2,30.39,29.8,0.7918,0.00849,-0.0807,149.3057,16.0,100,25
2025-03-10,QQQ,2025-05-09,60,put,495.0,4.02,4.18,4.1,-0.2082,0.00849,-0.0807,149.3057,16.0,100,25
2025-03-10,QQQ,2025-05-09,60,call,500.0,25.53,26.58,26.05,0.7447,0.00951,-0.0905,167.3194,16.0,100,25
2025-03-10,QQQ,2025-05-09,60,put,500.0,5.25,5.46,5.36,-0.2553,0.00951,-0.0905,167.3194,16.0,100,25
2025-03-10,QQQ,2025-05-09,60,call,505.0,22.12,23.02,22.57,0.693,0.0104,-0.0989,182.9173,16.0,814,203
2025-03-10,QQQ,2025-05-09,60,put,505.0,6.73,7.01,6.87,-0.307,0.0104,-0.0989,182.9173,16.0,488,122
2025-03-10,QQQ,2025-05-09,60,call,510.0,18.97,19.75,19.36,0.6378,0.0111,-0.1055,195.2156,16.0,5097,1274
2025-03-10,QQQ,2025-05-09,60,put,510.0,8.49,8.84,8.66,-0.3622,0.0111,-0.1055,195.2156,16.0,3058,764
2025-03-10,QQQ,2025-05-09,60,call,515.0,16.11,16.77,16.44,0.5801,0.01157,-0.11,203.5294,16.0,15920,3980
2025-03-10,QQQ,2025-05-09,60,put,515.0,10.53,10.96,10.75,-0.4199,0.01157,-0.11,203.5294,16.0,9552,2388
2025-03-10,QQQ,2025-05-09,60,call,520.0,13.54,14.09,13.81,0.5212,0.01179,-0.1121,207.4358,16.0,24830,6207
2025-03-10,QQQ,2025-05-09,60,put,520.0,12.85,13.38,13.12,-0.4788,0.01179,-0.1121,207.4358,16.0,14898,3724
2025-03-10,QQQ,2025-05-09,60,call,525.0,11.26,11.72,11.49,0.4624,0.01176,-0.1118,206.8068,16.0,19337,4834
2025-03-10,QQQ,2025-05-09,60,put,525.0,15.47,16.1,15.79,-0.5376,0.01176,-0.1118,206.8068,16.0,11602,2900
2025-03-10,QQQ,2025-05-09,60,call,530.0,9.26,9.64,9.45,0.405,0.01147,-0.1091,201.8097,16.0,7520,1880
2025-03-10,QQQ,2025-05-09,60,put,530.0,18.37,19.12,18.75,-0.595,0.01147,-0.1091,201.8097,16.0,4512,1128
2025-03-10,QQQ,2025-05-09,60,call,535.0,7.53,7.84,7.69,0.35,0.01097,-0.1043,192.8753,16.0,1460,365
2025-03-10,QQQ,2025-05-09,60,put,535.0,21.54,22.42,21.98,-0.65,0.01097,-0.1043,192.8753,16.0,876,219
2025-03-10,QQQ,2025-05-09,60,call,540.0,6.05,6.3,6.17,0.2985,0.01027,-0.0977,180.6433,16.0,141,35
2025-03-10,QQQ,2025-05-09,60,put,540.0,24.97,25.99,25.48,-0.7015,0.01027,-0.0977,180.6433,16.0,100,25
2025-03-10,QQQ,2025-05-09,60,call,545.0,4.81,5.01,4.91,0.2512,0.00943,-0.0897,165.8906,16.0,100,25
2025-03-10,QQQ,2025-05-09,60,put,545.0,28.63,29.79,29.21,-0.7488,0.00943,-0.0897,165.8906,16.0,100,25
2025-03-10,QQQ,2025-05-09,60,call,550.0,3.78,3.94,3.86,0.2086,0.0085,-0.0808,149.4559,16.0,100,25
2025-03-10,QQQ,2025-05-09,60,put,550.0,32.5,33.82,33.16,-0.7914,0.0085,-0.0808,149.4559,16.0,100,25
2025-03-10,QQQ,2025-05-09,60,call,555.0,2.94,3.06,3.0,0.1708,0.00751,-0.0714,132.1671,16.0,100,25
2025-03-10,QQQ,2025-05-09,60,put,555.0,36.55,38.04,37.3,-0.8292,0.00751,-0.0714,132.1671,16.0,100,25
2025-03-11,QQQ,2025-03-14,3,call,490.0,27.76,28.9,28.33,0.9999,3e-05,-0.0003,0.1104,16.0,100,25
2025-03-11,QQQ,2025-03-14,3,put,490.0,0.01,0.02,0.01,-0.0001,3e-05,-0.0003,0.1104,16.0,100,25
2025-03-11,QQQ,2025-03-14,3,call,495.0,22.86,23.8,23.33,0.9993,0.00034,-0.0032,1.308,16.0,100,25
2025-03-11,QQQ,2025-03-14,3,put,495.0,0.01,0.02,0.01,-0.0007,0.00034,-0.0032,1.308,16.0,100,25
2025-03-11,QQQ,2025-03-14,3,call,500.0,17.98,18.71,18.34,0.9936,0.00239,-0.0226,9.3303,16.0,235,58
2025-03-11,QQQ,2025-03-14,3,put,500.0,0.02,0.02,0.02,-0.0064,0.00239,-0.0226,9.3303,16.0,141,35
2025-03-11,QQQ,2025-03-14,3,call,505.0,13.17,13.71,13.44,0.9643,0.01044,-0.0983,40.6745,16.0,2119,529
2025-03-11,QQQ,2025-03-14,3,put,505.0,0.1,0.11,0.11,-0.0357,0.01044,-0.0983,40.6745,16.0,1271,317
2025-03-11,QQQ,2025-03-14,3,call,510.0,8.65,9.0,8.82,0.8695,0.02821,-0.2658,109.9256,16.0,9536,2384
2025-03-11,QQQ,2025-03-14,3,put,510.0,0.48,0.5,0.49,-0.1305,0.02821,-0.2658,109.9256,16.0,5721,1430
2025-03-11,QQQ,2025-03-14,3,call,515.0,4.85,5.04,4.95,0.6742,0.04792,-0.4515,186.7389,16.0,21431,5357
2025-03-11,QQQ,2025-03-14,3,put,515.0,1.58,1.65,1.61,-0.3258,0.04792,-0.4515,186.7389,16.0,12858,3214
2025-03-11,QQQ,2025-03-14,3,call,520.0,2.2,2.29,2.25,0.4151,0.05185,-0.4885,202.0808,16.0,24050,6012
2025-03-11,QQQ,2025-03-14,3,put,520.0,3.83,3.99,3.91,-0.5849,0.05185,-0.4885,202.0808,16.0,14430,3607
2025-03-11,QQQ,2025-03-14,3,call,525.0,0.77,0.8,0.79,0.191,0.03621,-0.3411,141.1113,16.0,13476,3369
2025-03-11,QQQ,2025-03-14,3,put,525.0,7.31,7.61,7.46,-0.809,0.03621,-0.3411,141.1113,16.0,8086,2021
2025-03-11,QQQ,2025-03-14,3,call,530.0,0.2,0.21,0.21,0.0633,0.01652,-0.1556,64.3789,16.0,3771,942
2025-03-11,QQQ,2025-03-14,3,put,530.0,11.64,12.11,11.88,-0.9367,0.01652,-0.1556,64.3789,16.0,2262,565
2025-03-11,QQQ,2025-03-14,3,call,535.0,0.04,0.04,0.04,0.0148,0.00498,-0.047,19.4215,16.0,526,131
2025-03-11,QQQ,2025-03-14,3,put,535.0,16.38,17.04,16.71,-0.9852,0.00498,-0.047,19.4215,16.0,316,79
2025-03-11,QQQ,2025-03-14,3,call,540.0,0.01,0.02,0.01,0.0024,0.00101,-0.0095,3.9194,16.0,100,25
2025-03-11,QQQ,2025-03-14,3,put,540.0,21.24,22.11,21.67,-0.9976,0.00101,-0.0095,3.9194,16.0,100,25
2025-03-11,QQQ,2025-03-14,3,call,545.0,0.01,0.02,0.01,0.0003,0.00014,-0.0013,0.5351,16.0,100,25
2025-03-11,QQQ,2025-03-14,3,put,545.0,26.14,27.2,26.67,-0.9997,0.00014,-0.0013,0.5351,16.0,100,25
2025-03-11,QQQ,2025-03-14,3,call,550.0,0.01,0.02,0.01,0.0,1e-05,-0.0001,0.05,16.0,100,25
2025-03-11,QQQ,2025-03-14,3,put,550.0,31.04,32.3,31.67,-1.0,1e-05,-0.0001,0.05,16.0,100,25
2025-03-11,QQQ,2025-03-14,3,call,555.0,0.01,0.02,0.01,0.0,0.0,-0.0,0.0032,16.0,100,25
2025-03-11,QQQ,2025-03-14,3,put,555.0,35.94,37.4,36.67,-1.0,0.0,-0.0,0.0032,16.0,100,25
2025-03-11,QQQ,2025-03-21,10,call,490.0,27.84,28.98,28.41,0.9836,0.00297,-0.028,21.1433,16.0,100,25
2025-03-11,QQQ,2025-03-21,10,put,490.0,0.08,0.08,0.08,-0.0164,0.00297,-0.028,21.1433,16.0,100,25
2025-03-11,QQQ,2025-03-21,10,call,495.0,23.08,24.02,23.55,0.9601,0.00626,-0.059,44.5457,16.0,100,25
2025-03-11,QQQ,2025-03-21,10,put,495.0,0.22,0.23,0.23,-0.0399,0.00626,-0.059,44.5457,16.0,100,25
2025-03-11,QQQ,2025-03-21,10,call,500.0,18.49,19.25,18.87,0.9151,0.01133,-0.1067,80.5979,16.0,235,58
2025-03-11,QQQ,2025-03-21,10,put,500.0,0.53,0.55,0.54,-0.0849,0.01133,-0.1067,80.5979,16.0,141,35
2025-03-11,QQQ,2025-03-21,10,call,505.0,14.2,14.78,14.49,0.8406,0.01768,-0.1666,125.7949,16.0,2119,529
2025-03-11,QQQ,2025-03-21,10,put,505.0,1.14,1.19,1.17,-0.1594,0.01768,-0.1666,125.7949,16.0,1271,317
2025-03-11,QQQ,2025-03-21,10,call,510.0,10.37,10.79,10.58,0.734,0.02391,-0.2252,170.0959,16.0,9536,2384
2025-03-11,QQQ,2025-03-21,10,put,510.0,2.21,2.3,2.25,-0.266,0.02391,-0.2252,170.0959,16.0,5721,1430
2025-03-11,QQQ,2025-03-21,10,call,515.0,7.14,7.43,7.29,0.6013,0.02812,-0.2649,200.0864,16.0,21431,5357
2025-03-11,QQQ,2025-03-21,10,put,515.0,3.88,4.03,3.96,-0.3987,0.02812,-0.2649,200.0864,16.0,12858,3214
2025-03-11,QQQ,2025-03-21,10,call,520.0,4.6,4.78,4.69,0.4569,0.02889,-0.2722,205.5764,16.0,24050,6012
2025-03-11,QQQ,2025-03-21,10,put,520.0,6.23,6.49,6.36,-0.5431,0.02889,-0.2722,205.5764,16.0,14430,3607
2025-03-11,QQQ,2025-03-21,10,call,525.0,2.75,2.86,2.8,0.3193,0.02603,-0.2452,185.1991,16.0,13476,3369
2025-03-11,QQQ,2025-03-21,10,put,525.0,9.29,9.67,9.48,-0.6807,0.02603,-0.2452,185.1991,16.0,8086,2021
2025-03-11,QQQ,2025-03-21,10,call,530.0,1.52,1.58,1.55,0.204,0.02064,-0.1944,146.8365,16.0,3771,942
2025-03-11,QQQ,2025-03-21,10,put,530.0,12.96,13.49,13.23,-0.796,0.02064,-0.1944,146.8365,16.0,2262,565
2025-03-11,QQQ,2025-03-21,10,call,535.0,0.77,0.81,0.79,0.1186,0.01445,-0.1362,102.8308,16.0,526,131
2025-03-11,QQQ,2025-03-21,10,put,535.0,17.11,17.81,17.46,-0.8814,0.01445,-0.1362,102.8308,16.0,316,79
2025-03-11,QQQ,2025-03-21,10,call,540.0,0.36,0.38,0.37,0.0626,0.00897,-0.0845,63.8289,16.0,100,25
2025-03-11,QQQ,2025-03-21,10,put,540.0,21.6,22.48,22.04,-0.9374,0.00897,-0.0845,63.8289,16.0,100,25
2025-03-11,QQQ,2025-03-21,10,call,545.0,0.15,0.16,0.15,0.03,0.00495,-0.0467,35.2351,16.0,100,25
2025-03-11,QQQ,2025-03-21,10,put,545.0,26.29,27.36,26.82,-0.97,0.00495,-0.0467,35.2351,16.0,100,25
2025-03-11,QQQ,2025-03-21,10,call,550.0,0.06,0.06,0.06,0.013,0.00244,-0.023,17.3544,16.0,100,25
2025-03-11,QQQ,2025-03-21,10,put,550.0,31.1,32.37,31.73,-0.987,0.00244,-0.023,17.3544,16.0,100,25
2025-03-11,QQQ,2025-03-21,10,call,555.0,0.02,0.02,0.02,0.0051,0.00108,-0.0101,7.6503,16.0,100,25
2025-03-11,QQQ,2025-03-21,10,put,555.0,35.96,37.43,36.7,-0.9949,0.00108,-0.0101,7.6503,16.0,100,25
2025-03-11,QQQ,2025-03-28,17,call,490.0,28.13,29.28,28.7,0.95,0.00576,-0.0543,53.4433,16.0,100,25
2025-03-11,QQQ,2025-03-28,17,put,490.0,0.37,0.39,0.38,-0.05,0.00576,-0.0543,53.4433,16.0,100,25
2025-03-11,QQQ,2025-03-28,17,call,495.0,23.59,24.55,24.07,0.9117,0.00895,-0.0843,83.0182,16.0,100,25
2025-03-11,QQQ,2025-03-28,17,put,495.0,0.73,0.76,0.74,-0.0883,0.00895,-0.0843,83.0182,16.0,100,25
2025-03-11,QQQ,2025-03-28,17,call,500.0,19.29,20.07,19.68,0.8554,0.01271,-0.1197,117.9107,16.0,235,58
2025-03-11,QQQ,2025-03-28,17,put,500.0,1.32,1.38,1.35,-0.1446,0.01271,-0.1197,117.9107,16.0,141,35
2025-03-11,QQQ,2025-03-28,17,call,505.0,15.32,15.94,15.63,0.7799,0.01655,-0.1559,153.5225,16.0,2119,529
2025-03-11,QQQ,2025-03-28,17,put,505.0,2.25,2.34,2.29,-0.2201,0.01655,-0.1559,153.5225,16.0,1271,317
2025-03-11,QQQ,2025-03-28,17,call,510.0,11.77,12.25,12.01,0.6867,0.0198,-0.1866,183.7087,16.0,9536,2384
2025-03-11,QQQ,2025-03-28,17,put,510.0,3.61,3.76,3.68,-0.3133,0.0198,-0.1866,183.7087,16.0,5721,1430
2025-03-11,QQQ,2025-03-28,17,call,515.0,8.73,9.08,8.91,0.5808,0.02183,-0.2057,202.5288,16.0,21431,5357
2025-03-11,QQQ,2025-03-28,17,put,515.0,5.46,5.69,5.58,-0.4192,0.02183,-0.2057,202.5288,16.0,12858,3214
2025-03-11,QQQ,2025-03-28,17,call,520.0,6.22,6.47,6.34,0.4698,0.02223,-0.2094,206.1891,16.0,24050,6012
2025-03-11,QQQ,2025-03-28,17,put,520.0,7.86,8.18,8.02,-0.5302,0.02223,-0.2094,206.1891,16.0,14430,3607
2025-03-11,QQQ,2025-03-28,17,call,525.0,4.25,4.42,4.33,0.362,0.02094,-0.1973,194.2916,16.0,13476,3369
2025-03-11,QQQ,2025-03-28,17,put,525.0,10.79,11.23,11.01,-0.638,0.02094,-0.1973,194.2916,16.0,8086,2021
2025-03-11,QQQ,2025-03-28,17,call,530.0,2.78,2.89,2.83,0.2652,0.01831,-0.1725,169.8262,16.0,3771,942
2025-03-11,QQQ,2025-03-28,17,put,530.0,14.22,14.8,14.51,-0.7348,0.01831,-0.1725,169.8262,16.0,2262,565
2025-03-11,QQQ,2025-03-28,17,call,535.0,1.74,1.81,1.77,0.1842,0.01487,-0.1401,137.9869,16.0,526,131
2025-03-11,QQQ,2025-03-28,17,put,535.0,18.07,18.81,18.44,-0.8158,0.01487,-0.1401,137.9869,16.0,316,79
2025-03-11,QQQ,2025-03-28,17,call,540.0,1.03,1.08,1.06,0.1212,0.01126,-0.1061,104.4341,16.0,100,25
2025-03-11,QQQ,2025-03-28,17,put,540.0,22.27,23.18,22.73,-0.8788,0.01126,-0.1061,104.4341,16.0,100,25
2025-03-11,QQQ,2025-03-28,17,call,545.0,0.59,0.61,0.6,0.0755,0.00795,-0.0749,73.7696,16.0,100,25
2025-03-11,QQQ,2025-03-28,17,put,545.0,26.72,27.81,27.27,-0.9245,0.00795,-0.0749,73.7696,16.0,100,25
2025-03-11,QQQ,2025-03-28,17,call,550.0,0.32,0.33,0.33,0.0445,0.00525,-0.0495,48.7273,16.0,100,25
2025-03-11,QQQ,2025-03-28,17,put,550.0,31.35,32.63,31.99,-0.9555,0.00525,-0.0495,48.7273,16.0,100,25
2025-03-11,QQQ,2025-03-28,17,call,555.0,0.16,0.17,0.17,0.0249,0.00325,-0.0306,30.153,16.0,100,25
2025-03-11,QQQ,2025-03-28,17,put,555.0,36.1,37.57,36.84,-0.9751,0.00325,-0.0306,30.153,16.0,100,25
2025-03-11,QQQ,2025-04-04,24,call,490.0,28.56,29.72,29.14,0.9178,0.00713,-0.0672,78.6462,16.0,100,25
2025-03-11,QQQ,2025-04-04,24,put,490.0,0.79,0.83,0.81,-0.0822,0.00713,-0.0672,78.6462,16.0,100,25
2025-03-11,QQQ,2025-04-04,24,call,495.0,24.2,25.19,24.7,0.8735,0.00976,-0.092,107.5997,16.0,100,25
2025-03-11,QQQ,2025-04-04,24,put,495.0,1.34,1.39,1.36,-0.1265,0.00976,-0.092,107.5997,16.0,100,25
2025-03-11,QQQ,2025-04-04,24,call,500.0,20.1,20.93,20.52,0.8154,0.01253,-0.1181,138.1603,16.0,235,58
2025-03-11,QQQ,2025-04-04,24,put,500.0,2.14,2.23,2.19,-0.1846,0.01253,-0.1181,138.1603,16.0,141,35
2025-03-11,QQQ,2025-04-04,24,call,505.0,16.34,17.01,16.68,0.7439,0.01513,-0.1426,166.8022,16.0,2119,529
2025-03-11,QQQ,2025-04-04,24,put,505.0,3.28,3.41,3.34,-0.2561,0.01513,-0.1426,166.8022,16.0,1271,317
2025-03-11,QQQ,2025-04-04,24,call,510.0,12.96,13.49,13.23,0.6611,0.01721,-0.1621,189.6907,16.0,9536,2384
2025-03-11,QQQ,2025-04-04,24,put,510.0,4.8,5.0,4.9,-0.3389,0.01721,-0.1621,189.6907,16.0,5721,1430
2025-03-11,QQQ,2025-04-04,24,call,515.0,10.02,10.43,10.22,0.5705,0.01847,-0.174,203.5479,16.0,21431,5357
2025-03-11,QQQ,2025-04-04,24,put,515.0,6.76,7.03,6.89,-0.4295,0.01847,-0.174,203.5479,16.0,12858,3214
2025-03-11,QQQ,2025-04-04,24,call,520.0,7.53,7.84,7.69,0.4769,0.01873,-0.1765,206.4376,16.0,24050,6012
2025-03-11,QQQ,2025-04-04,24,put,520.0,9.17,9.55,9.36,-0.5231,0.01873,-0.1765,206.4376,16.0,14430,3607
2025-03-11,QQQ,2025-04-04,24,call,525.0,5.5,5.73,5.62,0.3855,0.01798,-0.1694,198.2036,16.0,13476,3369
2025-03-11,QQQ,2025-04-04,24,put,525.0,12.04,12.53,12.29,-0.6145,0.01798,-0.1694,198.2036,16.0,8086,2021
2025-03-11,QQQ,2025-04-04,24,call,530.0,3.9,4.06,3.98,0.3008,0.01637,-0.1542,180.4306,16.0,3771,942
2025-03-11,QQQ,2025-04-04,24,put,530.0,15.33,15.96,15.64,-0.6992,0.01637,-0.1542,180.4306,16.0,2262,565
2025-03-11,QQQ,2025-04-04,24,call,535.0,2.68,2.78,2.73,0.2263,0.01415,-0.1333,155.9685,16.0,526,131
2025-03-11,QQQ,2025-04-04,24,put,535.0,19.01,19.79,19.4,-0.7737,0.01415,-0.1333,155.9685,16.0,316,79
2025-03-11,QQQ,2025-04-04,24,call,540.0,1.78,1.85,1.81,0.1641,0.01163,-0.1096,128.2097,16.0,100,25
2025-03-11,QQQ,2025-04-04,24,put,540.0,23.01,23.95,23.48,-0.8359,0.01163,-0.1096,128.2097,16.0,100,25
2025-03-11,QQQ,2025-04-04,24,call,545.0,1.14,1.19,1.17,0.1146,0.0091,-0.0858,100.3624,16.0,100,25
2025-03-11,QQQ,2025-04-04,24,put,545.0,27.28,28.39,27.84,-0.8854,0.0091,-0.0858,100.3624,16.0,100,25
2025-03-11,QQQ,2025-04-04,24,call,550.0,0.71,0.74,0.72,0.0771,0.0068,-0.064,74.9161,16.0,100,25
2025-03-11,QQQ,2025-04-04,24,put,550.0,31.75,33.04,32.39,-0.9229,0.0068,-0.064,74.9161,16.0,100,25
2025-03-11,QQQ,2025-04-04,24,call,555.0,0.43,0.45,0.44,0.0499,0.00484,-0.0456,53.3951,16.0,100,25
2025-03-11,QQQ,2025-04-04,24,put,555.0,36.36,37.85,37.11,-0.9501,0.00484,-0.0456,53.3951,16.0,100,25
2025-03-11,QQQ,2025-05-09,59,call,490.0,31.11,32.38,31.75,0.8175,0.00794,-0.0748,137.1851,16.0,100,25
2025-03-11,QQQ,2025-05-09,59,put,490.0,3.35,3.48,3.42,-0.1825,0.00794,-0.0748,137.1851,16.0,100,25
2025-03-11,QQQ,2025-05-09,59,call,495.0,27.3,28.42,27.86,0.7728,0.00904,-0.0852,156.3115,16.0,100,25
2025-03-11,QQQ,2025-05-09,59,put,495.0,4.44,4.62,4.53,-0.2272,0.00904,-0.0852,156.3115,16.0,100,25
2025-03-11,QQQ,2025-05-09,59,call,500.0,23.74,24.71,24.23,0.723,0.01004,-0.0946,173.5603,16.0,235,58
2025-03-11,QQQ,2025-05-09,59,put,500.0,5.78,6.01,5.89,-0.277,0.01004,-0.0946,173.5603,16.0,141,35
2025-03-11,QQQ,2025-05-09,59,call,505.0,20.44,21.27,20.86,0.669,0.01087,-0.1025,187.9379,16.0,2119,529
2025-03-11,QQQ,2025-05-09,59,put,505.0,7.38,7.68,7.53,-0.331,0.01087,-0.1025,187.9379,16.0,1271,317
2025-03-11,QQQ,2025-05-09,59,call,510.0,17.42,18.13,17.77,0.6118,0.01149,-0.1083,198.6094,16.0,9536,2384
2025-03-11,QQQ,2025-05-09,59,put,510.0,9.25,9.63,9.44,-0.3882,0.01149,-0.1083,198.6094,16.0,5721,1430
2025-03-11,QQQ,2025-05-09,59,call,515.0,14.69,15.29,14.99,0.5526,0.01186,-0.1117,204.9804,16.0,21431,5357
2025-03-11,QQQ,2025-05-09,59,put,515.0,11.43,11.89,11.66,-0.4474,0.01186,-0.1117,204.9804,16.0,12858,3214
2025-03-11,QQQ,2025-05-09,59,call,520.0,12.25,12.75,12.5,0.4929,0.01196,-0.1127,206.7508,16.0,24050,6012
2025-03-11,QQQ,2025-05-09,59,put,520.0,13.89,14.46,14.18,-0.5071,0.01196,-0.1127,206.7508,16.0,14430,3607
2025-03-11,QQQ,2025-05-09,59,call,525.0,10.11,10.52,10.31,0.4338,0.0118,-0.1112,203.9338,16.0,13476,3369
2025-03-11,QQQ,2025-05-09,59,put,525.0,16.64,17.32,16.98,-0.5662,0.0118,-0.1112,203.9338,16.0,8086,2021
2025-03-11,QQQ,2025-05-09,59,call,530.0,8.24,8.58,8.41,0.3768,0.01139,-0.1073,196.8399,16.0,3771,942
2025-03-11,QQQ,2025-05-09,59,put,530.0,19.68,20.48,20.08,-0.6232,0.01139,-0.1073,196.8399,16.0,2262,565
2025-03-11,QQQ,2025-05-09,59,call,535.0,6.65,6.92,6.79,0.3228,0.01076,-0.1014,186.0306,16.0,526,131
2025-03-11,QQQ,2025-05-09,59,put,535.0,22.98,23.92,23.45,-0.6772,0.01076,-0.1014,186.0306,16.0,316,79
2025-03-11,QQQ,2025-05-09,59,call,540.0,5.3,5.51,5.4,0.2727,0.00997,-0.0939,172.25,16.0,100,25
2025-03-11,QQQ,2025-05-09,59,put,540.0,26.53,27.62,27.08,-0.7273,0.00997,-0.0939,172.25,16.0,100,25
2025-03-11,QQQ,2025-05-09,59,call,545.0,4.17,4.34,4.25,0.2273,0.00905,-0.0852,156.3455,16.0,100,25
2025-03-11,QQQ,2025-05-09,59,put,545.0,30.31,31.54,30.92,-0.7727,0.00905,-0.0852,156.3455,16.0,100,25
2025-03-11,QQQ,2025-05-09,59,call,550.0,3.25,3.38,3.31,0.1868,0.00805,-0.0759,139.1882,16.0,100,25
2025-03-11,QQQ,2025-05-09,59,put,550.0,34.28,35.68,34.98,-0.8132,0.00805,-0.0759,139.1882,16.0,100,25
2025-03-11,QQQ,2025-05-09,59,call,555.0,2.5,2.6,2.55,0.1514,0.00704,-0.0663,121.6023,16.0,100,25
2025-03-11,QQQ,2025-05-09,59,put,555.0,38.43,40.0,39.22,-0.8486,0.00704,-0.0663,121.6023,16.0,100,25
2025-03-12,QQQ,2025-03-14,2,call,490.0,26.67,27.75,27.21,1.0,0.0,-0.0,0.006,16.0,100,25
2025-03-12,QQQ,2025-03-14,2,put,490.0,0.01,0.02,0.01,-0.0,0.0,-0.0,0.006,16.0,100,25
2025-03-12,QQQ,2025-03-14,2,call,495.0,21.77,22.65,22.21,0.9999,7e-05,-0.0006,0.2103,16.0,100,25
2025-03-12,QQQ,2025-03-14,2,put,495.0,0.01,0.02,0.01,-0.0001,7e-05,-0.0006,0.2103,16.0,100,25
2025-03-12,QQQ,2025-03-14,2,call,500.0,16.87,17.56,17.21,0.9979,0.00108,-0.0101,3.4231,16.0,408,102
2025-03-12,QQQ,2025-03-14,2,put,500.0,0.01,0.02,0.01,-0.0021,0.00108,-0.0101,3.4231,16.0,245,61
2025-03-12,QQQ,2025-03-14,2,call,505.0,12.01,12.5,12.25,0.9785,0.00841,-0.0789,26.6584,16.0,3152,788
2025-03-12,QQQ,2025-03-14,2,put,505.0,0.05,0.05,0.05,-0.0215,0.00841,-0.0789,26.6584,16.0,1891,472
2025-03-12,QQQ,2025-03-14,2,call,510.0,7.41,7.71,7.56,0.8832,0.03204,-0.3005,101.4958,16.0,12144,3036
2025-03-12,QQQ,2025-03-14,2,put,510.0,0.34,0.36,0.35,-0.1168,0.03204,-0.3005,101.4958,16.0,7286,1821
2025-03-12,QQQ,2025-03-14,2,call,515.0,3.63,3.78,3.71,0.6434,0.06087,-0.5711,192.8655,16.0,23360,5840
2025-03-12,QQQ,2025-03-14,2,put,515.0,1.46,1.52,1.49,-0.3566,0.06087,-0.5711,192.8655,16.0,14016,3504
2025-03-12,QQQ,2025-03-14,2,call,520.0,1.28,1.33,1.31,0.327,0.0589,-0.5525,186.6095,16.0,22438,5609
2025-03-12,QQQ,2025-03-14,2,put,520.0,4.01,4.18,4.09,-0.673,0.0589,-0.5525,186.6095,16.0,13462,3365
2025-03-12,QQQ,2025-03-14,2,call,525.0,0.3,0.31,0.3,0.1045,0.02958,-0.2775,93.7264,16.0,10762,2690
2025-03-12,QQQ,2025-03-14,2,put,525.0,7.93,8.26,8.09,-0.8955,0.02958,-0.2775,93.7264,16.0,6457,1614
2025-03-12,QQQ,2025-03-14,2,call,530.0,0.04,0.05,0.04,0.0199,0.00786,-0.0737,24.8957,16.0,2577,644
2025-03-12,QQQ,2025-03-14,2,put,530.0,12.58,13.09,12.84,-0.9801,0.00786,-0.0737,24.8957,16.0,1546,386
2025-03-12,QQQ,2025-03-14,2,call,535.0,0.01,0.02,0.01,0.0022,0.00112,-0.0105,3.5607,16.0,308,77
2025-03-12,QQQ,2025-03-14,2,put,535.0,17.44,18.15,17.8,-0.9978,0.00112,-0.0105,3.5607,16.0,184,46
2025-03-12,QQQ,2025-03-14,2,call,540.0,0.01,0.02,0.01,0.0001,9e-05,-0.0008,0.279,16.0,100,25
2025-03-12,QQQ,2025-03-14,2,put,540.0,22.33,23.25,22.79,-0.9999,9e-05,-0.0008,0.279,16.0,100,25
2025-03-12,QQQ,2025-03-14,2,call,545.0,0.01,0.02,0.01,0.0,0.0,-0.0,0.0122,16.0,100,25
2025-03-12,QQQ,2025-03-14,2,put,545.0,27.23,28.35,27.79,-1.0,0.0,-0.0,0.0122,16.0,100,25
2025-03-12,QQQ,2025-03-14,2,call,550.0,0.01,0.02,0.01,0.0,0.0,-0.0,0.0003,16.0,100,25
2025-03-12,QQQ,2025-03-14,2,put,550.0,32.13,33.45,32.79,-1.0,0.0,-0.0,0.0003,16.0,100,25
2025-03-12,QQQ,2025-03-14,2,call,555.0,0.01,0.02,0.01,0.0,0.0,-0.0,0.0,16.0,100,25
2025-03-12,QQQ,2025-03-14,2,put,555.0,37.03,38.55,37.79,-1.0,0.0,-0.0,0.0,16.0,100,25
2025-03-12,QQQ,2025-03-21,9,call,490.0,26.74,27.83,27.28,0.9848,0.00296,-0.0277,19.8641,16.0,100,25
2025-03-12,QQQ,2025-03-21,9,put,490.0,0.07,0.07,0.07,-0.0152,0.00296,-0.0277,19.8641,16.0,100,25
2025-03-12,QQQ,2025-03-21,9,call,495.0,21.97,22.87,22.42,0.9608,0.00653,-0.0613,43.8841,16.0,100,25
2025-03-12,QQQ,2025-03-21,9,put,495.0,0.2,0.21,0.21,-0.0392,0.00653,-0.0613,43.8841,16.0,100,25
2025-03-12,QQQ,2025-03-21,9,call,500.0,17.38,18.09,17.73,0.913,0.01218,-0.1143,81.8913,16.0,408,102
2025-03-12,QQQ,2025-03-21,9,put,500.0,0.52,0.54,0.53,-0.087,0.01218,-0.1143,81.8913,16.0,245,61
2025-03-12,QQQ,2025-03-21,9,call,505.0,13.12,13.65,13.38,0.8323,0.0193,-0.1811,129.7213,16.0,3152,788
2025-03-12,QQQ,2025-03-21,9,put,505.0,1.15,1.2,1.17,-0.1677,0.0193,-0.1811,129.7213,16.0,1891,472
2025-03-12,QQQ,2025-03-21,9,call,510.0,9.35,9.73,9.54,0.7161,0.02608,-0.2446,175.2671,16.0,12144,3036
2025-03-12,QQQ,2025-03-21,9,put,510.0,2.28,2.37,2.33,-0.2839,0.02608,-0.2446,175.2671,16.0,7286,1821
2025-03-12,QQQ,2025-03-21,9,call,515.0,6.23,6.48,6.36,0.5726,0.03019,-0.2832,202.9108,16.0,23360,5840
2025-03-12,QQQ,2025-03-21,9,put,515.0,4.06,4.23,4.14,-0.4274,0.03019,-0.2832,202.9108,16.0,14016,3504
2025-03-12,QQQ,2025-03-21,9,call,520.0,3.84,4.0,3.92,0.4201,0.03008,-0.2822,202.1876,16.0,22438,5609
2025-03-12,QQQ,2025-03-21,9,put,520.0,6.58,6.85,6.71,-0.5799,0.03008,-0.2822,202.1876,16.0,13462,3365
2025-03-12,QQQ,2025-03-21,9,call,525.0,2.18,2.27,2.23,0.2801,0.02591,-0.2431,174.1447,16.0,10762,2690
2025-03-12,QQQ,2025-03-21,9,put,525.0,9.82,10.22,10.02,-0.7199,0.02591,-0.2431,174.1447,16.0,6457,1614
2025-03-12,QQQ,2025-03-21,9,call,530.0,1.13,1.18,1.15,0.1686,0.01937,-0.1817,130.1876,16.0,2577,644
2025-03-12,QQQ,2025-03-21,9,put,530.0,13.67,14.22,13.95,-0.8314,0.01937,-0.1817,130.1876,16.0,1546,386
2025-03-12,QQQ,2025-03-21,9,call,535.0,0.53,0.56,0.55,0.0912,0.01262,-0.1184,84.8141,16.0,308,77
2025-03-12,QQQ,2025-03-21,9,put,535.0,17.97,18.7,18.34,-0.9088,0.01262,-0.1184,84.8141,16.0,184,46
2025-03-12,QQQ,2025-03-21,9,call,540.0,0.23,0.24,0.23,0.0442,0.00719,-0.0675,48.3372,16.0,100,25
2025-03-12,QQQ,2025-03-21,9,put,540.0,22.56,23.48,23.02,-0.9558,0.00719,-0.0675,48.3372,16.0,100,25
2025-03-12,QQQ,2025-03-21,9,call,545.0,0.09,0.09,0.09,0.0192,0.0036,-0.0338,24.1896,16.0,100,25
2025-03-12,QQQ,2025-03-21,9,put,545.0,27.32,28.44,27.88,-0.9808,0.0036,-0.0338,24.1896,16.0,100,25
2025-03-12,QQQ,2025-03-21,9,call,550.0,0.03,0.03,0.03,0.0075,0.00159,-0.0149,10.6678,16.0,100,25
2025-03-12,QQQ,2025-03-21,9,put,550.0,32.17,33.48,32.83,-0.9925,0.00159,-0.0149,10.6678,16.0,100,25
2025-03-12,QQQ,2025-03-21,9,call,555.0,0.01,0.02,0.01,0.0026,0.00062,-0.0058,4.1604,16.0,100,25
2025-03-12,QQQ,2025-03-21,9,put,555.0,37.04,38.56,37.8,-0.9974,0.00062,-0.0058,4.1604,16.0,100,25
2025-03-12,QQQ,2025-03-28,16,call,490.0,27.04,28.14,27.59,0.9485,0.0061,-0.0572,54.6531,16.0,100,25
2025-03-12,QQQ,2025-03-28,16,put,490.0,0.37,0.39,0.38,-0.0515,0.0061,-0.0572,54.6531,16.0,100,25
2025-03-12,QQQ,2025-03-28,16,call,495.0,22.51,23.42,22.97,0.9077,0.00955,-0.0896,85.5488,16.0,100,25
2025-03-12,QQQ,2025-03-28,16,put,495.0,0.74,0.77,0.76,-0.0923,0.00955,-0.0896,85.5488,16.0,100,25
2025-03-12,QQQ,2025-03-28,16,call,500.0,18.23,18.97,18.6,0.8478,0.01359,-0.1275,121.7775,16.0,408,102
2025-03-12,QQQ,2025-03-28,16,put,500.0,1.36,1.42,1.39,-0.1522,0.01359,-0.1275,121.7775,16.0,245,61
2025-03-12,QQQ,2025-03-28,16,call,505.0,14.31,14.89,14.6,0.7673,0.01764,-0.1655,158.0829,16.0,3152,788
2025-03-12,QQQ,2025-03-28,16,put,505.0,2.34,2.44,2.39,-0.2327,0.01764,-0.1655,158.0829,16.0,1891,472
2025-03-12,QQQ,2025-03-28,16,call,510.0,10.84,11.28,11.06,0.6685,0.02094,-0.1964,187.6435,16.0,12144,3036
2025-03-12,QQQ,2025-03-28,16,put,510.0,3.78,3.93,3.85,-0.3315,0.02094,-0.1964,187.6435,16.0,7286,1821
2025-03-12,QQQ,2025-03-28,16,call,515.0,7.9,8.22,8.06,0.5575,0.02279,-0.2138,204.1917,16.0,23360,5840
2025-03-12,QQQ,2025-03-28,16,put,515.0,5.73,5.97,5.85,-0.4425,0.02279,-0.2138,204.1917,16.0,14016,3504
2025-03-12,QQQ,2025-03-28,16,call,520.0,5.51,5.74,5.62,0.4428,0.02279,-0.2138,204.2132,16.0,22438,5609
2025-03-12,QQQ,2025-03-28,16,put,520.0,8.25,8.58,8.41,-0.5572,0.02279,-0.2138,204.2132,16.0,13462,3365
2025-03-12,QQQ,2025-03-28,16,call,525.0,3.68,3.83,3.75,0.3338,0.021,-0.197,188.156,16.0,10762,2690
2025-03-12,QQQ,2025-03-28,16,put,525.0,11.31,11.77,11.54,-0.6662,0.021,-0.197,188.156,16.0,6457,1614
2025-03-12,QQQ,2025-03-28,16,call,530.0,2.34,2.43,2.38,0.2381,0.01786,-0.1676,160.0855,16.0,2577,644
2025-03-12,QQQ,2025-03-28,16,put,530.0,14.87,15.48,15.18,-0.7619,0.01786,-0.1676,160.0855,16.0,1546,386
2025-03-12,QQQ,2025-03-28,16,call,535.0,1.41,1.47,1.44,0.1604,0.01407,-0.132,126.0555,16.0,308,77
2025-03-12,QQQ,2025-03-28,16,put,535.0,18.85,19.62,19.23,-0.8396,0.01407,-0.132,126.0555,16.0,184,46
2025-03-12,QQQ,2025-03-28,16,call,540.0,0.81,0.84,0.82,0.102,0.01027,-0.0964,92.0641,16.0,100,25
2025-03-12,QQQ,2025-03-28,16,put,540.0,23.15,24.09,23.62,-0.898,0.01027,-0.0964,92.0641,16.0,100,25
2025-03-12,QQQ,2025-03-28,16,call,545.0,0.44,0.46,0.45,0.0611,0.00697,-0.0654,62.4956,16.0,100,25
2025-03-12,QQQ,2025-03-28,16,put,545.0,27.68,28.81,28.24,-0.9389,0.00697,-0.0654,62.4956,16.0,100,25
2025-03-12,QQQ,2025-03-28,16,call,550.0,0.23,0.24,0.23,0.0345,0.00441,-0.0414,39.5111,16.0,100,25
2025-03-12,QQQ,2025-03-28,16,put,550.0,32.36,33.68,33.02,-0.9655,0.00441,-0.0414,39.5111,16.0,100,25
2025-03-12,QQQ,2025-03-28,16,call,555.0,0.11,0.12,0.11,0.0184,0.0026,-0.0244,23.3104,16.0,100,25
2025-03-12,QQQ,2025-03-28,16,put,555.0,37.15,38.66,37.91,-0.9816,0.0026,-0.0244,23.3104,16.0,100,25
2025-03-12,QQQ,2025-04-04,23,call,490.0,27.48,28.61,28.05,0.914,0.00756,-0.0709,81.2074,16.0,100,25
2025-03-12,QQQ,2025-04-04,23,put,490.0,0.82,0.85,0.83,-0.086,0.00756,-0.0709,81.2074,16.0,100,25
2025-03-12,QQQ,2025-04-04,23,call,495.0,23.15,24.1,23.62,0.8671,0.01034,-0.097,111.0809,16.0,100,25
2025-03-12,QQQ,2025-04-04,23,put,495.0,1.39,1.44,1.42,-0.1329,0.01034,-0.097,111.0809,16.0,100,25
2025-03-12,QQQ,2025-04-04,23,call,500.0,19.1,19.88,19.49,0.8058,0.01324,-0.1242,142.2277,16.0,408,102
2025-03-12,QQQ,2025-04-04,23,put,500.0,2.23,2.32,2.27,-0.1942,0.01324,-0.1242,142.2277,16.0,245,61
2025-03-12,QQQ,2025-04-04,23,call,505.0,15.39,16.02,15.71,0.7307,0.0159,-0.1491,170.7936,16.0,3152,788
2025-03-12,QQQ,2025-04-04,23,put,505.0,3.42,3.56,3.49,-0.2693,0.0159,-0.1491,170.7936,16.0,1891,472
2025-03-12,QQQ,2025-04-04,23,call,510.0,12.08,12.58,12.33,0.6442,0.01794,-0.1683,192.7139,16.0,12144,3036
2025-03-12,QQQ,2025-04-04,23,put,510.0,5.02,5.22,5.12,-0.3558,0.01794,-0.1683,192.7139,16.0,7286,1821
2025-03-12,QQQ,2025-04-04,23,call,515.0,9.23,9.61,9.42,0.5504,0.01905,-0.1787,204.6875,16.0,23360,5840
2025-03-12,QQQ,2025-04-04,23,put,515.0,7.07,7.36,7.21,-0.4496,0.01905,-0.1787,204.6875,16.0,14016,3504
2025-03-12,QQQ,2025-04-04,23,call,520.0,6.85,7.13,6.99,0.4547,0.01908,-0.179,205.0037,16.0,22438,5609
2025-03-12,QQQ,2025-04-04,23,put,520.0,9.58,9.97,9.78,-0.5453,0.01908,-0.179,205.0037,16.0,13462,3365
2025-03-12,QQQ,2025-04-04,23,call,525.0,4.93,5.13,5.03,0.3624,0.01805,-0.1693,193.9334,16.0,10762,2690
2025-03-12,QQQ,2025-04-04,23,put,525.0,12.56,13.07,12.82,-0.6376,0.01805,-0.1693,193.9334,16.0,6457,1614
2025-03-12,QQQ,2025-04-04,23,call,530.0,3.43,3.57,3.5,0.2782,0.01615,-0.1515,173.5673,16.0,2577,644
2025-03-12,QQQ,2025-04-04,23,put,530.0,15.96,16.62,16.29,-0.7218,0.01615,-0.1515,173.5673,16.0,1546,386
2025-03-12,QQQ,2025-04-04,23,call,535.0,2.31,2.4,2.35,0.2056,0.0137,-0.1285,147.1928,16.0,308,77
2025-03-12,QQQ,2025-04-04,23,put,535.0,19.74,20.55,20.14,-0.7944,0.0137,-0.1285,147.1928,16.0,184,46
2025-03-12,QQQ,2025-04-04,23,call,540.0,1.5,1.56,1.53,0.1461,0.01103,-0.1034,118.4581,16.0,100,25
2025-03-12,QQQ,2025-04-04,23,put,540.0,23.84,24.81,24.32,-0.8539,0.01103,-0.1034,118.4581,16.0,100,25
2025-03-12,QQQ,2025-04-04,23,call,545.0,0.95,0.98,0.96,0.0997,0.00843,-0.0791,90.6017,16.0,100,25
2025-03-12,QQQ,2025-04-04,23,put,545.0,28.18,29.33,28.75,-0.9003,0.00843,-0.0791,90.6017,16.0,100,25
2025-03-12,QQQ,2025-04-04,23,call,550.0,0.57,0.6,0.58,0.0655,0.00614,-0.0576,65.9499,16.0,100,25
2025-03-12,QQQ,2025-04-04,23,put,550.0,32.71,34.04,33.38,-0.9345,0.00614,-0.0576,65.9499,16.0,100,25
2025-03-12,QQQ,2025-04-04,23,call,555.0,0.34,0.35,0.34,0.0413,0.00426,-0.0399,45.75,16.0,100,25
2025-03-12,QQQ,2025-04-04,23,put,555.0,37.37,38.9,38.13,-0.9587,0.00426,-0.0399,45.75,16.0,100,25
2025-03-12,QQQ,2025-05-09,58,call,490.0,30.14,31.37,30.76,0.8104,0.00822,-0.0771,140.1887,16.0,100,25
2025-03-12,QQQ,2025-05-09,58,put,490.0,3.48,3.62,3.55,-0.1896,0.00822,-0.0771,140.1887,16.0,100,25
2025-03-12,QQQ,2025-05-09,58,call,495.0,26.37,27.45,26.91,0.7643,0.00933,-0.0875,159.2179,16.0,100,25
2025-03-12,QQQ,2025-05-09,58,put,495.0,4.61,4.8,4.71,-0.2357,0.00933,-0.0875,159.2179,16.0,100,25
2025-03-12,QQQ,2025-05-09,58,call,500.0,22.86,23.79,23.32,0.7131,0.01032,-0.0969,176.1475,16.0,408,102
2025-03-12,QQQ,2025-05-09,58,put,500.0,5.99,6.24,6.12,-0.2869,0.01032,-0.0969,176.1475,16.0,245,61
2025-03-12,QQQ,2025-05-09,58,call,505.0,19.61,20.41,20.01,0.6578,0.01113,-0.1045,189.9771,16.0,3152,788
2025-03-12,QQQ,2025-05-09,58,put,505.0,7.64,7.96,7.8,-0.3422,0.01113,-0.1045,189.9771,16.0,1891,472
2025-03-12,QQQ,2025-05-09,58,call,510.0,16.65,17.33,16.99,0.5995,0.01172,-0.1099,199.8886,16.0,12144,3036
2025-03-12,QQQ,2025-05-09,58,put,510.0,9.58,9.97,9.78,-0.4005,0.01172,-0.1099,199.8886,16.0,7286,1821
2025-03-12,QQQ,2025-05-09,58,call,515.0,13.98,14.55,14.27,0.5394,0.01203,-0.1129,205.3277,16.0,23360,5840
2025-03-12,QQQ,2025-05-09,58,put,515.0,11.81,12.3,12.05,-0.4606,0.01203,-0.1129,205.3277,16.0,14016,3504
2025-03-12,QQQ,2025-05-09,58,call,520.0,11.61,12.08,11.84,0.4791,0.01208,-0.1133,206.0532,16.0,22438,5609
2025-03-12,QQQ,2025-05-09,58,put,520.0,14.34,14.93,14.63,-0.5209,0.01208,-0.1133,206.0532,16.0,13462,3365
2025-03-12,QQQ,2025-05-09,58,call,525.0,9.53,9.92,9.72,0.4198,0.01185,-0.1111,202.1496,16.0,10762,2690
2025-03-12,QQQ,2025-05-09,58,put,525.0,17.16,17.86,17.51,-0.5802,0.01185,-0.1111,202.1496,16.0,6457,1614
2025-03-12,QQQ,2025-05-09,58,call,530.0,7.73,8.05,7.89,0.3628,0.01137,-0.1067,194.0024,16.0,2577,644
2025-03-12,QQQ,2025-05-09,58,put,530.0,20.27,21.09,20.68,-0.6372,0.01137,-0.1067,194.0024,16.0,1546,386
2025-03-12,QQQ,2025-05-09,58,call,535.0,6.2,6.45,6.33,0.3091,0.01068,-0.1002,182.2434,16.0,308,77
2025-03-12,QQQ,2025-05-09,58,put,535.0,23.63,24.6,24.12,-0.6909,0.01068,-0.1002,182.2434,16.0,184,46
2025-03-12,QQQ,2025-05-09,58,call,540.0,4.91,5.11,5.01,0.2597,0.00983,-0.0922,167.6747,16.0,100,25
2025-03-12,QQQ,2025-05-09,58,put,540.0,27.25,28.36,27.8,-0.7403,0.00983,-0.0922,167.6747,16.0,100,25
2025-03-12,QQQ,2025-05-09,58,call,545.0,3.85,4.0,3.92,0.2151,0.00886,-0.0831,151.1838,16.0,100,25
2025-03-12,QQQ,2025-05-09,58,put,545.0,31.08,32.35,31.71,-0.7849,0.00886,-0.0831,151.1838,16.0,100,25
2025-03-12,QQQ,2025-05-09,58,call,550.0,2.97,3.09,3.03,0.1757,0.00783,-0.0735,133.6622,16.0,100,25
2025-03-12,QQQ,2025-05-09,58,put,550.0,35.11,36.54,35.83,-0.8243,0.00783,-0.0735,133.6622,16.0,100,25
2025-03-12,QQQ,2025-05-09,58,call,555.0,2.27,2.36,2.31,0.1415,0.0068,-0.0637,115.9345,16.0,100,25
2025-03-12,QQQ,2025-05-09,58,put,555.0,39.31,40.91,40.11,-0.8585,0.0068,-0.0637,115.9345,16.0,100,25
2025-03-13,QQQ,2025-03-14,1,call,490.0,25.31,26.35,25.83,1.0,0.0,-0.0,0.0,16.0,100,25
2025-03-13,QQQ,2025-03-14,1,put,490.0,0.01,0.02,0.01,-0.0,0.0,-0.0,0.0,16.0,100,25
2025-03-13,QQQ,2025-03-14,1,call,495.0,20.41,21.25,20.83,1.0,0.0,-0.0,0.0011,16.0,100,25
2025-03-13,QQQ,2025-03-14,1,put,495.0,0.01,0.02,0.01,-0.0,0.0,-0.0,0.0011,16.0,100,25
2025-03-13,QQQ,2025-03-14,1,call,500.0,15.51,16.15,15.83,0.9999,9e-05,-0.0008,0.199,16.0,769,192
2025-03-13,QQQ,2025-03-14,1,put,500.0,0.01,0.02,0.01,-0.0001,9e-05,-0.0008,0.199,16.0,461,115
2025-03-13,QQQ,2025-03-14,1,call,505.0,10.62,11.05,10.84,0.9944,0.00369,-0.0344,8.2195,16.0,4903,1225
2025-03-13,QQQ,2025-03-14,1,put,505.0,0.01,0.02,0.01,-0.0056,0.00369,-0.0344,8.2195,16.0,2941,735
2025-03-13,QQQ,2025-03-14,1,call,510.0,5.88,6.12,6.0,0.9133,0.03656,-0.3411,81.4595,16.0,15592,3898
2025-03-13,QQQ,2025-03-14,1,put,510.0,0.17,0.18,0.17,-0.0867,0.03656,-0.3411,81.4595,16.0,9355,2338
2025-03-13,QQQ,2025-03-14,1,call,515.0,2.13,2.21,2.17,0.5779,0.09058,-0.8452,201.8526,16.0,24761,6190
2025-03-13,QQQ,2025-03-14,1,put,515.0,1.31,1.37,1.34,-0.4221,0.09058,-0.8452,201.8526,16.0,14857,3714
2025-03-13,QQQ,2025-03-14,1,call,520.0,0.38,0.4,0.39,0.1692,0.05841,-0.545,130.1524,16.0,19635,4908
2025-03-13,QQQ,2025-03-14,1,put,520.0,4.47,4.65,4.56,-0.8308,0.05841,-0.545,130.1524,16.0,11781,2945
2025-03-13,QQQ,2025-03-14,1,call,525.0,0.03,0.03,0.03,0.0179,0.01018,-0.095,22.6943,16.0,7775,1943
2025-03-13,QQQ,2025-03-14,1,put,525.0,9.01,9.38,9.2,-0.9821,0.01018,-0.095,22.6943,16.0,4665,1166
2025-03-13,QQQ,2025-03-14,1,call,530.0,0.01,0.02,0.01,0.0006,0.0005,-0.0047,1.1106,16.0,1537,384
2025-03-13,QQQ,2025-03-14,1,put,530.0,13.89,14.45,14.17,-0.9994,0.0005,-0.0047,1.1106,16.0,922,230
2025-03-13,QQQ,2025-03-14,1,call,535.0,0.01,0.02,0.01,0.0,1e-05,-0.0001,0.0158,16.0,151,37
2025-03-13,QQQ,2025-03-14,1,put,535.0,18.79,19.55,19.17,-1.0,1e-05,-0.0001,0.0158,16.0,100,25
2025-03-13,QQQ,2025-03-14,1,call,540.0,0.01,0.02,0.01,0.0,0.0,-0.0,0.0001,16.0,100,25
2025-03-13,QQQ,2025-03-14,1,put,540.0,23.69,24.65,24.17,-1.0,0.0,-0.0,0.0001,16.0,100,25
2025-03-13,QQQ,2025-03-14,1,call,545.0,0.01,0.02,0.01,0.0,0.0,-0.0,0.0,16.0,100,25
2025-03-13,QQQ,2025-03-14,1,put,545.0,28.59,29.75,29.17,-1.0,0.0,-0.0,0.0,16.0,100,25
2025-03-13,QQQ,2025-03-14,1,call,550.0,0.01,0.02,0.01,0.0,0.0,-0.0,0.0,16.0,100,25
2025-03-13,QQQ,2025-03-14,1,put,550.0,33.49,34.85,34.17,-1.0,0.0,-0.0,0.0,16.0,100,25
2025-03-13,QQQ,2025-03-14,1,call,555.0,0.01,0.02,0.01,0.0,0.0,-0.0,0.0,16.0,100,25
2025-03-13,QQQ,2025-03-14,1,put,555.0,38.39,39.95,39.17,-1.0,0.0,-0.0,0.0,16.0,100,25
2025-03-13,QQQ,2025-03-21,8,call,490.0,25.38,26.41,25.89,0.9854,0.00303,-0.0283,19.094,16.0,100,25
2025-03-13,QQQ,2025-03-21,8,put,490.0,0.06,0.06,0.06,-0.0146,0.00303,-0.0283,19.094,16.0,100,25
2025-03-13,QQQ,2025-03-21,8,call,495.0,20.61,21.45,21.03,0.9601,0.00704,-0.0657,44.3501,16.0,100,25
2025-03-13,QQQ,2025-03-21,8,put,495.0,0.19,0.2,0.2,-0.0399,0.00704,-0.0657,44.3501,16.0,100,25
2025-03-13,QQQ,2025-03-21,8,call,500.0,16.03,16.69,16.36,0.9079,0.01352,-0.1262,85.2385,16.0,769,192
2025-03-13,QQQ,2025-03-21,8,put,500.0,0.52,0.54,0.53,-0.0921,0.01352,-0.1262,85.2385,16.0,461,115
2025-03-13,QQQ,2025-03-21,8,call,505.0,11.81,12.29,12.05,0.818,0.02163,-0.2018,136.3119,16.0,4903,1225
2025-03-13,QQQ,2025-03-21,8,put,505.0,1.2,1.25,1.23,-0.182,0.02163,-0.2018,136.3119,16.0,2941,735
2025-03-13,QQQ,2025-03-21,8,call,510.0,8.14,8.48,8.31,0.6885,0.02893,-0.27,182.355,16.0,15592,3898
2025-03-13,QQQ,2025-03-21,8,put,510.0,2.43,2.53,2.48,-0.3115,0.02893,-0.27,182.355,16.0,9355,2338
2025-03-13,QQQ,2025-03-21,8,call,515.0,5.19,5.4,5.29,0.5318,0.03255,-0.3037,205.1318,16.0,24761,6190
2025-03-13,QQQ,2025-03-21,8,put,515.0,4.38,4.56,4.47,-0.4682,0.03255,-0.3037,205.1318,16.0,14857,3714
2025-03-13,QQQ,2025-03-21,8,call,520.0,3.03,3.15,3.09,0.3714,0.03094,-0.2887,195.0051,16.0,19635,4908
2025-03-13,QQQ,2025-03-21,8,put,520.0,7.11,7.4,7.26,-0.6286,0.03094,-0.2887,195.0051,16.0,11781,2945
2025-03-13,QQQ,2025-03-21,8,call,525.0,1.6,1.67,1.64,0.2321,0.02498,-0.233,157.4154,16.0,7775,1943
2025-03-13,QQQ,2025-03-21,8,put,525.0,10.59,11.02,10.8,-0.7679,0.02498,-0.233,157.4154,16.0,4665,1166
2025-03-13,QQQ,2025-03-21,8,call,530.0,0.76,0.79,0.78,0.1288,0.0172,-0.1605,108.4065,16.0,1537,384
2025-03-13,QQQ,2025-03-21,8,put,530.0,14.65,15.25,14.95,-0.8712,0.0172,-0.1605,108.4065,16.0,922,230
2025-03-13,QQQ,2025-03-21,8,call,535.0,0.33,0.34,0.34,0.0632,0.01015,-0.0947,63.9762,16.0,151,37
2025-03-13,QQQ,2025-03-21,8,put,535.0,19.11,19.89,19.5,-0.9368,0.01015,-0.0947,63.9762,16.0,100,25
2025-03-13,QQQ,2025-03-21,8,call,540.0,0.12,0.13,0.12,0.0273,0.00516,-0.0481,32.4952,16.0,100,25
2025-03-13,QQQ,2025-03-21,8,put,540.0,23.81,24.78,24.3,-0.9727,0.00516,-0.0481,32.4952,16.0,100,25
2025-03-13,QQQ,2025-03-21,8,call,545.0,0.04,0.04,0.04,0.0104,0.00226,-0.0211,14.2651,16.0,100,25
2025-03-13,QQQ,2025-03-21,8,put,545.0,28.63,29.8,29.21,-0.9896,0.00226,-0.0211,14.2651,16.0,100,25
2025-03-13,QQQ,2025-03-21,8,call,550.0,0.01,0.02,0.01,0.0035,0.00086,-0.008,5.4343,16.0,100,25
2025-03-13,QQQ,2025-03-21,8,put,550.0,33.5,34.87,34.19,-0.9965,0.00086,-0.008,5.4343,16.0,100,25
2025-03-13,QQQ,2025-03-21,8,call,555.0,0.01,0.02,0.01,0.001,0.00029,-0.0027,1.8036,16.0,100,25
2025-03-13,QQQ,2025-03-21,8,put,555.0,38.39,39.96,39.17,-0.999,0.00029,-0.0027,1.8036,16.0,100,25
2025-03-13,QQQ,2025-03-28,15,call,490.0,25.7,26.75,26.23,0.9452,0.00663,-0.0619,57.2127,16.0,100,25
2025-03-13,QQQ,2025-03-28,15,put,490.0,0.39,0.4,0.4,-0.0548,0.00663,-0.0619,57.2127,16.0,100,25
2025-03-13,QQQ,2025-03-28,15,call,495.0,21.19,22.06,21.62,0.901,0.01042,-0.0972,89.8919,16.0,100,25
2025-03-13,QQQ,2025-03-28,15,put,495.0,0.78,0.81,0.8,-0.099,0.01042,-0.0972,89.8919,16.0,100,25
2025-03-13,QQQ,2025-03-28,15,call,500.0,16.96,17.65,17.3,0.8358,0.01479,-0.138,127.6637,16.0,769,192
2025-03-13,QQQ,2025-03-28,15,put,500.0,1.45,1.51,1.48,-0.1642,0.01479,-0.138,127.6637,16.0,461,115
2025-03-13,QQQ,2025-03-28,15,call,505.0,13.12,13.65,13.38,0.7487,0.01905,-0.1777,164.3696,16.0,4903,1225
2025-03-13,QQQ,2025-03-28,15,put,505.0,2.5,2.61,2.55,-0.2513,0.01905,-0.1777,164.3696,16.0,2941,735
2025-03-13,QQQ,2025-03-28,15,call,510.0,9.76,10.15,9.96,0.6431,0.02229,-0.208,192.4086,16.0,15592,3898
2025-03-13,QQQ,2025-03-28,15,put,510.0,4.04,4.21,4.12,-0.3569,0.02229,-0.208,192.4086,16.0,9355,2338
2025-03-13,QQQ,2025-03-28,15,call,515.0,6.95,7.23,7.09,0.5263,0.02379,-0.222,205.3405,16.0,24761,6190
2025-03-13,QQQ,2025-03-28,15,put,515.0,6.14,6.39,6.26,-0.4737,0.02379,-0.222,205.3405,16.0,14857,3714
2025-03-13,QQQ,2025-03-28,15,call,520.0,4.73,4.92,4.83,0.4083,0.02321,-0.2166,200.3214,16.0,19635,4908
2025-03-13,QQQ,2025-03-28,15,put,520.0,8.81,9.17,8.99,-0.5917,0.02321,-0.2166,200.3214,16.0,11781,2945
2025-03-13,QQQ,2025-03-28,15,call,525.0,3.06,3.18,3.12,0.2991,0.02075,-0.1936,179.1009,16.0,7775,1943
2025-03-13,QQQ,2025-03-28,15,put,525.0,12.04,12.53,12.29,-0.7009,0.02075,-0.1936,179.1009,16.0,4665,1166
2025-03-13,QQQ,2025-03-28,15,call,530.0,1.88,1.95,1.92,0.2063,0.01705,-0.1591,147.1169,16.0,1537,384
2025-03-13,QQQ,2025-03-28,15,put,530.0,15.76,16.41,16.09,-0.7937,0.01705,-0.1591,147.1169,16.0,922,230
2025-03-13,QQQ,2025-03-28,15,call,535.0,1.09,1.13,1.11,0.1338,0.0129,-0.1203,111.2913,16.0,151,37
2025-03-13,QQQ,2025-03-28,15,put,535.0,19.88,20.69,20.29,-0.8662,0.0129,-0.1203,111.2913,16.0,100,25
2025-03-13,QQQ,2025-03-28,15,call,540.0,0.6,0.62,0.61,0.0814,0.009,-0.084,77.7137,16.0,100,25
2025-03-13,QQQ,2025-03-28,15,put,540.0,24.29,25.28,24.79,-0.9186,0.009,-0.084,77.7137,16.0,100,25
2025-03-13,QQQ,2025-03-28,15,call,545.0,0.31,0.32,0.32,0.0465,0.00582,-0.0543,50.2044,16.0,100,25
2025-03-13,QQQ,2025-03-28,15,put,545.0,28.9,30.08,29.49,-0.9535,0.00582,-0.0543,50.2044,16.0,100,25
2025-03-13,QQQ,2025-03-28,15,call,550.0,0.15,0.16,0.15,0.0249,0.00348,-0.0325,30.0698,16.0,100,25
2025-03-13,QQQ,2025-03-28,15,put,550.0,33.64,35.01,34.33,-0.9751,0.00348,-0.0325,30.0698,16.0,100,25
2025-03-13,QQQ,2025-03-28,15,call,555.0,0.07,0.07,0.07,0.0125,0.00194,-0.0181,16.7329,16.0,100,25
2025-03-13,QQQ,2025-03-28,15,put,555.0,38.46,40.03,39.25,-0.9875,0.00194,-0.0181,16.7329,16.0,100,25
2025-03-13,QQQ,2025-04-04,22,call,490.0,26.18,27.25,26.71,0.9078,0.00816,-0.0761,85.2675,16.0,100,25
2025-03-13,QQQ,2025-04-04,22,put,490.0,0.87,0.9,0.89,-0.0922,0.00816,-0.0761,85.2675,16.0,100,25
2025-03-13,QQQ,2025-04-04,22,call,495.0,21.89,22.78,22.34,0.8575,0.01112,-0.1038,116.2189,16.0,100,25
2025-03-13,QQQ,2025-04-04,22,put,495.0,1.47,1.53,1.5,-0.1425,0.01112,-0.1038,116.2189,16.0,100,25
2025-03-13,QQQ,2025-04-04,22,call,500.0,17.89,18.62,18.26,0.7919,0.01415,-0.132,147.8576,16.0,769,192
2025-03-13,QQQ,2025-04-04,22,put,500.0,2.38,2.47,2.42,-0.2081,0.01415,-0.132,147.8576,16.0,461,115
2025-03-13,QQQ,2025-04-04,22,call,505.0,14.26,14.84,14.55,0.7122,0.01683,-0.1571,175.9396,16.0,4903,1225
2025-03-13,QQQ,2025-04-04,22,put,505.0,3.65,3.8,3.72,-0.2878,0.01683,-0.1571,175.9396,16.0,2941,735
2025-03-13,QQQ,2025-04-04,22,call,510.0,11.06,11.51,11.29,0.6213,0.01877,-0.1752,196.1927,16.0,15592,3898
2025-03-13,QQQ,2025-04-04,22,put,510.0,5.35,5.57,5.46,-0.3787,0.01877,-0.1752,196.1927,16.0,9355,2338
2025-03-13,QQQ,2025-04-04,22,call,515.0,8.33,8.67,8.5,0.5242,0.01965,-0.1834,205.4084,16.0,24761,6190
2025-03-13,QQQ,2025-04-04,22,put,515.0,7.51,7.82,7.67,-0.4758,0.01965,-0.1834,205.4084,16.0,14857,3714
2025-03-13,QQQ,2025-04-04,22,call,520.0,6.08,6.32,6.2,0.4265,0.01935,-0.1806,202.2824,16.0,19635,4908
2025-03-13,QQQ,2025-04-04,22,put,520.0,10.16,10.58,10.37,-0.5735,0.01935,-0.1806,202.2824,16.0,11781,2945
2025-03-13,QQQ,2025-04-04,22,call,525.0,4.29,4.46,4.38,0.334,0.01796,-0.1676,187.6994,16.0,7775,1943
2025-03-13,QQQ,2025-04-04,22,put,525.0,13.28,13.82,13.55,-0.666,0.01796,-0.1676,187.6994,16.0,4665,1166
2025-03-13,QQQ,2025-04-04,22,call,530.0,2.93,3.04,2.99,0.2513,0.01573,-0.1468,164.3866,16.0,1537,384
2025-03-13,QQQ,2025-04-04,22,put,530.0,16.81,17.5,17.16,-0.7487,0.01573,-0.1468,164.3866,16.0,922,230
2025-03-13,QQQ,2025-04-04,22,call,535.0,1.93,2.0,1.96,0.1816,0.01302,-0.1215,136.1062,16.0,151,37
2025-03-13,QQQ,2025-04-04,22,put,535.0,20.71,21.56,21.13,-0.8184,0.01302,-0.1215,136.1062,16.0,100,25
2025-03-13,QQQ,2025-04-04,22,call,540.0,1.22,1.27,1.25,0.1259,0.01021,-0.0953,106.7042,16.0,100,25
2025-03-13,QQQ,2025-04-04,22,put,540.0,24.91,25.93,25.42,-0.8741,0.01021,-0.0953,106.7042,16.0,100,25
2025-03-13,QQQ,2025-04-04,22,call,545.0,0.75,0.78,0.77,0.0837,0.00759,-0.0708,79.3304,16.0,100,25
2025-03-13,QQQ,2025-04-04,22,put,545.0,29.33,30.53,29.93,-0.9163,0.00759,-0.0708,79.3304,16.0,100,25
2025-03-13,QQQ,2025-04-04,22,call,550.0,0.44,0.46,0.45,0.0533,0.00536,-0.05,56.0132,16.0,100,25
2025-03-13,QQQ,2025-04-04,22,put,550.0,33.93,35.31,34.62,-0.9467,0.00536,-0.05,56.0132,16.0,100,25
2025-03-13,QQQ,2025-04-04,22,call,555.0,0.25,0.26,0.26,0.0326,0.0036,-0.0336,37.6143,16.0,100,25
2025-03-13,QQQ,2025-04-04,22,put,555.0,38.64,40.21,39.42,-0.9674,0.0036,-0.0336,37.6143,16.0,100,25
2025-03-13,QQQ,2025-05-09,57,call,490.0,28.98,30.16,29.57,0.8007,0.00857,-0.0799,144.1117,16.0,100,25
2025-03-13,QQQ,2025-05-09,57,put,490.0,3.66,3.81,3.74,-0.1993,0.00857,-0.0799,144.1117,16.0,100,25
2025-03-13,QQQ,2025-05-09,57,call,495.0,25.26,26.29,25.77,0.7529,0.00968,-0.0904,162.9156,16.0,100,25
2025-03-13,QQQ,2025-05-09,57,put,495.0,4.85,5.05,4.95,-0.2471,0.00968,-0.0904,162.9156,16.0,100,25
2025-03-13,QQQ,2025-05-09,57,call,500.0,21.8,22.69,22.25,0.7001,0.01066,-0.0995,179.3337,16.0,769,192
2025-03-13,QQQ,2025-05-09,57,put,500.0,6.29,6.55,6.42,-0.2999,0.01066,-0.0995,179.3337,16.0,461,115
2025-03-13,QQQ,2025-05-09,57,call,505.0,18.63,19.39,19.01,0.6433,0.01143,-0.1067,192.3697,16.0,4903,1225
2025-03-13,QQQ,2025-05-09,57,put,505.0,8.01,8.34,8.18,-0.3567,0.01143,-0.1067,192.3697,16.0,2941,735
2025-03-13,QQQ,2025-05-09,57,call,510.0,15.74,16.38,16.06,0.5837,0.01196,-0.1116,201.2398,16.0,15592,3898
2025-03-13,QQQ,2025-05-09,57,put,510.0,10.02,10.43,10.22,-0.4163,0.01196,-0.1116,201.2398,16.0,9355,2338
2025-03-13,QQQ,2025-05-09,57,call,515.0,13.15,13.69,13.42,0.5228,0.01221,-0.114,205.4514,16.0,24761,6190
2025-03-13,QQQ,2025-05-09,57,put,515.0,12.34,12.84,12.59,-0.4772,0.01221,-0.114,205.4514,16.0,14857,3714
2025-03-13,QQQ,2025-05-09,57,call,520.0,10.86,11.3,11.08,0.4619,0.01218,-0.1136,204.8457,16.0,19635,4908
2025-03-13,QQQ,2025-05-09,57,put,520.0,14.95,15.56,15.25,-0.5381,0.01218,-0.1136,204.8457,16.0,11781,2945
2025-03-13,QQQ,2025-05-09,57,call,525.0,8.87,9.23,9.05,0.4024,0.01186,-0.1107,199.6001,16.0,7775,1943
2025-03-13,QQQ,2025-05-09,57,put,525.0,17.85,18.58,18.21,-0.5976,0.01186,-0.1107,199.6001,16.0,4665,1166
2025-03-13,QQQ,2025-05-09,57,call,530.0,7.15,7.44,7.29,0.3457,0.0113,-0.1055,190.1929,16.0,1537,384
2025-03-13,QQQ,2025-05-09,57,put,530.0,21.04,21.89,21.46,-0.6543,0.0113,-0.1055,190.1929,16.0,922,230
2025-03-13,QQQ,2025-05-09,57,call,535.0,5.7,5.93,5.81,0.2927,0.01054,-0.0984,177.3379,16.0,151,37
2025-03-13,QQQ,2025-05-09,57,put,535.0,24.48,25.48,24.98,-0.7073,0.01054,-0.0984,177.3379,16.0,100,25
2025-03-13,QQQ,2025-05-09,57,call,540.0,4.48,4.67,4.58,0.2443,0.00962,-0.0898,161.9,16.0,100,25
2025-03-13,QQQ,2025-05-09,57,put,540.0,28.17,29.32,28.75,-0.7557,0.00962,-0.0898,161.9,16.0,100,25
2025-03-13,QQQ,2025-05-09,57,call,545.0,3.48,3.63,3.55,0.2009,0.00861,-0.0803,144.8058,16.0,100,25
2025-03-13,QQQ,2025-05-09,57,put,545.0,32.07,33.38,32.73,-0.7991,0.00861,-0.0803,144.8058,16.0,100,25
2025-03-13,QQQ,2025-05-09,57,call,550.0,2.67,2.78,2.72,0.1628,0.00755,-0.0704,126.9596,16.0,100,25
2025-03-13,QQQ,2025-05-09,57,put,550.0,36.16,37.64,36.9,-0.8372,0.00755,-0.0704,126.9596,16.0,100,25
2025-03-13,QQQ,2025-05-09,57,call,555.0,2.03,2.11,2.07,0.1301,0.00649,-0.0606,109.1753,16.0,100,25
2025-03-13,QQQ,2025-05-09,57,put,555.0,40.41,42.06,41.23,-0.8699,0.00649,-0.0606,109.1753,16.0,100,25
2025-03-14,QQQ,2025-03-21,7,call,490.0,26.5,27.58,27.04,0.9925,0.00181,-0.0169,10.6991,16.0,100,25
2025-03-14,QQQ,2025-03-21,7,put,490.0,0.03,0.03,0.03,-0.0075,0.00181,-0.0169,10.6991,16.0,100,25
2025-03-14,QQQ,2025-03-21,7,call,495.0,21.67,22.56,22.12,0.9758,0.00496,-0.0465,29.3655,16.0,100,25
2025-03-14,QQQ,2025-03-21,7,put,495.0,0.1,0.11,0.11,-0.0242,0.00496,-0.0465,29.3655,16.0,100,25
2025-03-14,QQQ,2025-03-21,7,call,500.0,16.99,17.68,17.34,0.9359,0.01095,-0.1027,64.8805,16.0,449,112
2025-03-14,QQQ,2025-03-21,7,put,500.0,0.32,0.33,0.33,-0.0641,0.01095,-0.1027,64.8805,16.0,269,67
2025-03-14,QQQ,2025-03-21,7,call,505.0,12.59,13.11,12.85,0.8581,0.01961,-0.1838,116.1299,16.0,3372,843
2025-03-14,QQQ,2025-03-21,7,put,505.0,0.82,0.86,0.84,-0.1419,0.01961,-0.1838,116.1299,16.0,2023,505
2025-03-14,QQQ,2025-03-21,7,call,510.0,8.7,9.06,8.88,0.7347,0.02861,-0.2682,169.4303,16.0,12633,3158
2025-03-14,QQQ,2025-03-21,7,put,510.0,1.83,1.91,1.87,-0.2653,0.02861,-0.2682,169.4303,16.0,7580,1895
2025-03-14,QQQ,2025-03-21,7,call,515.0,5.52,5.75,5.63,0.5741,0.03422,-0.3208,202.6868,16.0,23635,5908
2025-03-14,QQQ,2025-03-21,7,put,515.0,3.55,3.7,3.62,-0.4259,0.03422,-0.3208,202.6868,16.0,14181,3545
2025-03-14,QQQ,2025-03-21,7,call,520.0,3.18,3.31,3.25,0.4016,0.03376,-0.3165,199.9525,16.0,22080,5520
2025-03-14,QQQ,2025-03-21,7,put,520.0,6.11,6.36,6.24,-0.5984,0.03376,-0.3165,199.9525,16.0,13248,3312
2025-03-14,QQQ,2025-03-21,7,call,525.0,1.64,1.7,1.67,0.2479,0.02762,-0.2589,163.5641,16.0,10300,2575
2025-03-14,QQQ,2025-03-21,7,put,525.0,9.47,9.85,9.66,-0.7521,0.02762,-0.2589,163.5641,16.0,6180,1545
2025-03-14,QQQ,2025-03-21,7,call,530.0,0.75,0.78,0.77,0.1337,0.01883,-0.1765,111.537,16.0,2399,599
2025-03-14,QQQ,2025-03-21,7,put,530.0,13.48,14.03,13.75,-0.8663,0.01883,-0.1765,111.537,16.0,1439,359
2025-03-14,QQQ,2025-03-21,7,call,535.0,0.3,0.32,0.31,0.0627,0.01076,-0.1009,63.7309,16.0,279,69
2025-03-14,QQQ,2025-03-21,7,put,535.0,17.93,18.66,18.3,-0.9373,0.01076,-0.1009,63.7309,16.0,167,41
2025-03-14,QQQ,2025-03-21,7,call,540.0,0.11,0.11,0.11,0.0254,0.00518,-0.0485,30.6645,16.0,100,25
2025-03-14,QQQ,2025-03-21,7,put,540.0,22.64,23.56,23.1,-0.9746,0.00518,-0.0485,30.6645,16.0,100,25
2025-03-14,QQQ,2025-03-21,7,call,545.0,0.03,0.03,0.03,0.0089,0.00211,-0.0198,12.4841,16.0,100,25
2025-03-14,QQQ,2025-03-21,7,put,545.0,27.46,28.58,28.02,-0.9911,0.00211,-0.0198,12.4841,16.0,100,25
2025-03-14,QQQ,2025-03-21,7,call,550.0,0.01,0.02,0.01,0.0027,0.00073,-0.0068,4.3204,16.0,100,25
2025-03-14,QQQ,2025-03-21,7,put,550.0,32.34,33.66,33.0,-0.9973,0.00073,-0.0068,4.3204,16.0,100,25
2025-03-14,QQQ,2025-03-21,7,call,555.0,0.01,0.02,0.01,0.0007,0.00022,-0.002,1.2767,16.0,100,25
2025-03-14,QQQ,2025-03-21,7,put,555.0,37.23,38.75,37.99,-0.9993,0.00022,-0.002,1.2767,16.0,100,25
2025-03-14,QQQ,2025-03-28,14,call,490.0,26.74,27.84,27.29,0.958,0.00553,-0.0519,46.346,16.0,100,25
2025-03-14,QQQ,2025-03-28,14,put,490.0,0.27,0.29,0.28,-0.042,0.00553,-0.0519,46.346,16.0,100,25
2025-03-14,QQQ,2025-03-28,14,call,495.0,22.15,23.06,22.6,0.9198,0.00919,-0.0861,76.9767,16.0,100,25
2025-03-14,QQQ,2025-03-28,14,put,495.0,0.58,0.61,0.59,-0.0802,0.00919,-0.0861,76.9767,16.0,100,25
2025-03-14,QQQ,2025-03-28,14,call,500.0,17.81,18.54,18.17,0.8607,0.01369,-0.1284,114.7069,16.0,449,112
2025-03-14,QQQ,2025-03-28,14,put,500.0,1.14,1.19,1.17,-0.1393,0.01369,-0.1284,114.7069,16.0,269,67
2025-03-14,QQQ,2025-03-28,14,call,505.0,13.83,14.39,14.11,0.7781,0.01837,-0.1722,153.8454,16.0,3372,843
2025-03-14,QQQ,2025-03-28,14,put,505.0,2.06,2.14,2.1,-0.2219,0.01837,-0.1722,153.8454,16.0,2023,505
2025-03-14,QQQ,2025-03-28,14,call,510.0,10.31,10.73,10.52,0.6741,0.02224,-0.2085,186.285,16.0,12633,3158
2025-03-14,QQQ,2025-03-28,14,put,510.0,3.44,3.58,3.51,-0.3259,0.02224,-0.2085,186.285,16.0,7580,1895
2025-03-14,QQQ,2025-03-28,14,call,515.0,7.36,7.66,7.51,0.5557,0.02438,-0.2286,204.2463,16.0,23635,5908
2025-03-14,QQQ,2025-03-28,14,put,515.0,5.39,5.61,5.5,-0.4443,0.02438,-0.2286,204.2463,16.0,14181,3545
2025-03-14,QQQ,2025-03-28,14,call,520.0,4.99,5.2,5.1,0.4332,0.02428,-0.2276,203.3546,16.0,22080,5520
2025-03-14,QQQ,2025-03-28,14,put,520.0,7.92,8.25,8.09,-0.5668,0.02428,-0.2276,203.3546,16.0,13248,3312
2025-03-14,QQQ,2025-03-28,14,call,525.0,3.22,3.35,3.29,0.3178,0.02201,-0.2063,184.3629,16.0,10300,2575
2025-03-14,QQQ,2025-03-28,14,put,525.0,11.05,11.5,11.28,-0.6822,0.02201,-0.2063,184.3629,16.0,6180,1545
2025-03-14,QQQ,2025-03-28,14,call,530.0,1.96,2.04,2.0,0.2188,0.01822,-0.1708,152.6048,16.0,2399,599
2025-03-14,QQQ,2025-03-28,14,put,530.0,14.69,15.29,14.99,-0.7812,0.01822,-0.1708,152.6048,16.0,1439,359
2025-03-14,QQQ,2025-03-28,14,call,535.0,1.13,1.17,1.15,0.141,0.0138,-0.1294,115.6254,16.0,279,69
2025-03-14,QQQ,2025-03-28,14,put,535.0,18.76,19.52,19.14,-0.859,0.0138,-0.1294,115.6254,16.0,167,41
2025-03-14,QQQ,2025-03-28,14,call,540.0,0.61,0.64,0.62,0.0849,0.0096,-0.09,80.3908,16.0,100,25
2025-03-14,QQQ,2025-03-28,14,put,540.0,23.14,24.08,23.61,-0.9151,0.0096,-0.09,80.3908,16.0,100,25
2025-03-14,QQQ,2025-03-28,14,call,545.0,0.31,0.32,0.32,0.0478,0.00614,-0.0575,51.4124,16.0,100,25
2025-03-14,QQQ,2025-03-28,14,put,545.0,27.74,28.87,28.3,-0.9522,0.00614,-0.0575,51.4124,16.0,100,25
2025-03-14,QQQ,2025-03-28,14,call,550.0,0.15,0.16,0.15,0.0251,0.00362,-0.0339,30.3141,16.0,100,25
2025-03-14,QQQ,2025-03-28,14,put,550.0,32.48,33.8,33.14,-0.9749,0.00362,-0.0339,30.3141,16.0,100,25
2025-03-14,QQQ,2025-03-28,14,call,555.0,0.07,0.07,0.07,0.0123,0.00197,-0.0185,16.5161,16.0,100,25
2025-03-14,QQQ,2025-03-28,14,put,555.0,37.3,38.82,38.06,-0.9877,0.00197,-0.0185,16.5161,16.0,100,25
2025-03-14,QQQ,2025-04-04,21,call,490.0,27.17,28.28,27.73,0.9218,0.00736,-0.069,75.5469,16.0,100,25
2025-03-14,QQQ,2025-04-04,21,put,490.0,0.7,0.73,0.71,-0.0782,0.00736,-0.069,75.5469,16.0,100,25
2025-03-14,QQQ,2025-04-04,21,call,495.0,22.79,23.72,23.25,0.8755,0.01035,-0.097,106.1327,16.0,100,25
2025-03-14,QQQ,2025-04-04,21,put,495.0,1.22,1.27,1.25,-0.1245,0.01035,-0.097,106.1327,16.0,100,25
2025-03-14,QQQ,2025-04-04,21,call,500.0,18.69,19.45,19.07,0.8135,0.01352,-0.1267,138.6958,16.0,449,112
2025-03-14,QQQ,2025-04-04,21,put,500.0,2.02,2.1,2.06,-0.1865,0.01352,-0.1267,138.6958,16.0,269,67
2025-03-14,QQQ,2025-04-04,21,call,505.0,14.95,15.56,15.25,0.7362,0.01647,-0.1544,168.9586,16.0,3372,843
2025-03-14,QQQ,2025-04-04,21,put,505.0,3.18,3.31,3.25,-0.2638,0.01647,-0.1544,168.9586,16.0,2023,505
2025-03-14,QQQ,2025-04-04,21,call,510.0,11.62,12.1,11.86,0.6461,0.01874,-0.1757,192.26,16.0,12633,3158
2025-03-14,QQQ,2025-04-04,21,put,510.0,4.75,4.95,4.85,-0.3539,0.01874,-0.1757,192.26,16.0,7580,1895
2025-03-14,QQQ,2025-04-04,21,call,515.0,8.77,9.12,8.95,0.548,0.01996,-0.1871,204.7605,16.0,23635,5908
2025-03-14,QQQ,2025-04-04,21,put,515.0,6.8,7.07,6.94,-0.452,0.01996,-0.1871,204.7605,16.0,14181,3545
2025-03-14,QQQ,2025-04-04,21,call,520.0,6.4,6.66,6.53,0.4479,0.01993,-0.1869,204.4931,16.0,22080,5520
2025-03-14,QQQ,2025-04-04,21,put,520.0,9.33,9.71,9.52,-0.5521,0.01993,-0.1869,204.4931,16.0,13248,3312
2025-03-14,QQQ,2025-04-04,21,call,525.0,4.52,4.7,4.61,0.3518,0.0187,-0.1753,191.86,16.0,10300,2575
2025-03-14,QQQ,2025-04-04,21,put,525.0,12.35,12.85,12.6,-0.6482,0.0187,-0.1753,191.86,16.0,6180,1545
2025-03-14,QQQ,2025-04-04,21,call,530.0,3.08,3.2,3.14,0.2652,0.01651,-0.1548,169.4079,16.0,2399,599
2025-03-14,QQQ,2025-04-04,21,put,530.0,15.81,16.45,16.13,-0.7348,0.01651,-0.1548,169.4079,16.0,1439,359
2025-03-14,QQQ,2025-04-04,21,call,535.0,2.02,2.1,2.06,0.1916,0.01375,-0.1289,141.0165,16.0,279,69
2025-03-14,QQQ,2025-04-04,21,put,535.0,19.65,20.45,20.05,-0.8084,0.01375,-0.1289,141.0165,16.0,167,41
2025-03-14,QQQ,2025-04-04,21,call,540.0,1.28,1.33,1.31,0.1325,0.01081,-0.1013,110.8439,16.0,100,25
2025-03-14,QQQ,2025-04-04,21,put,540.0,23.81,24.78,24.3,-0.8675,0.01081,-0.1013,110.8439,16.0,100,25
2025-03-14,QQQ,2025-04-04,21,call,545.0,0.78,0.81,0.8,0.0878,0.00803,-0.0753,82.405,16.0,100,25
2025-03-14,QQQ,2025-04-04,21,put,545.0,28.21,29.36,28.79,-0.9122,0.00803,-0.0753,82.405,16.0,100,25
2025-03-14,QQQ,2025-04-04,21,call,550.0,0.45,0.47,0.46,0.0556,0.00566,-0.053,58.0317,16.0,100,25
2025-03-14,QQQ,2025-04-04,21,put,550.0,32.78,34.12,33.45,-0.9444,0.00566,-0.053,58.0317,16.0,100,25
2025-03-14,QQQ,2025-04-04,21,call,555.0,0.25,0.27,0.26,0.0337,0.00378,-0.0354,38.7701,16.0,100,25
2025-03-14,QQQ,2025-04-04,21,put,555.0,37.49,39.02,38.26,-0.9663,0.00378,-0.0354,38.7701,16.0,100,25
2025-03-14,QQQ,2025-04-11,28,call,490.0,27.67,28.8,28.23,0.8912,0.00814,-0.0763,96.4507,16.0,100,25
2025-03-14,QQQ,2025-04-11,28,put,490.0,1.2,1.25,1.23,-0.1088,0.00814,-0.0763,96.4507,16.0,100,25
2025-03-14,QQQ,2025-04-11,28,call,495.0,23.46,24.42,23.94,0.8423,0.01052,-0.0986,124.618,16.0,100,25
2025-03-14,QQQ,2025-04-11,28,put,495.0,1.89,1.97,1.93,-0.1577,0.01052,-0.0986,124.618,16.0,100,25
2025-03-14,QQQ,2025-04-11,28,call,500.0,19.54,20.34,19.94,0.7814,0.01287,-0.1207,152.506,16.0,449,112
2025-03-14,QQQ,2025-04-11,28,put,500.0,2.87,2.99,2.93,-0.2186,0.01287,-0.1207,152.506,16.0,269,67
2025-03-14,QQQ,2025-04-11,28,call,505.0,15.95,16.61,16.28,0.7097,0.01495,-0.1401,177.0578,16.0,3372,843
2025-03-14,QQQ,2025-04-11,28,put,505.0,4.18,4.36,4.27,-0.2903,0.01495,-0.1401,177.0578,16.0,2023,505
2025-03-14,QQQ,2025-04-11,28,call,510.0,12.75,13.27,13.01,0.6294,0.01649,-0.1546,195.3131,16.0,12633,3158
2025-03-14,QQQ,2025-04-11,28,put,510.0,5.88,6.12,6.0,-0.3706,0.01649,-0.1546,195.3131,16.0,7580,1895
2025-03-14,QQQ,2025-04-11,28,call,515.0,9.96,10.37,10.16,0.5438,0.01731,-0.1622,205.0118,16.0,23635,5908
2025-03-14,QQQ,2025-04-11,28,put,515.0,7.99,8.32,8.16,-0.4562,0.01731,-0.1622,205.0118,16.0,14181,3545
2025-03-14,QQQ,2025-04-11,28,call,520.0,7.59,7.9,7.75,0.457,0.01731,-0.1623,205.0584,16.0,22080,5520
2025-03-14,QQQ,2025-04-11,28,put,520.0,10.52,10.95,10.73,-0.543,0.01731,-0.1623,205.0584,16.0,13248,3312
2025-03-14,QQQ,2025-04-11,28,call,525.0,5.65,5.88,5.77,0.373,0.01652,-0.1549,195.716,16.0,10300,2575
2025-03-14,QQQ,2025-04-11,28,put,525.0,13.48,14.03,13.75,-0.627,0.01652,-0.1549,195.716,16.0,6180,1545
2025-03-14,QQQ,2025-04-11,28,call,530.0,4.09,4.26,4.17,0.2954,0.01507,-0.1412,178.4855,16.0,2399,599
2025-03-14,QQQ,2025-04-11,28,put,530.0,16.82,17.51,17.16,-0.7046,0.01507,-0.1412,178.4855,16.0,1439,359
2025-03-14,QQQ,2025-04-11,28,call,535.0,2.88,3.0,2.94,0.2267,0.01315,-0.1232,155.7274,16.0,279,69
2025-03-14,QQQ,2025-04-11,28,put,535.0,20.51,21.35,20.93,-0.7733,0.01315,-0.1232,155.7274,16.0,167,41
2025-03-14,QQQ,2025-04-11,28,call,540.0,1.98,2.06,2.02,0.1686,0.01099,-0.103,130.1522,16.0,100,25
2025-03-14,QQQ,2025-04-11,28,put,540.0,24.51,25.51,25.01,-0.8314,0.01099,-0.103,130.1522,16.0,100,25
2025-03-14,QQQ,2025-04-11,28,call,545.0,1.32,1.37,1.35,0.1215,0.00881,-0.0826,104.3237,16.0,100,25
2025-03-14,QQQ,2025-04-11,28,put,545.0,28.75,29.92,29.34,-0.8785,0.00881,-0.0826,104.3237,16.0,100,25
2025-03-14,QQQ,2025-04-11,28,call,550.0,0.86,0.89,0.88,0.0848,0.00678,-0.0635,80.2903,16.0,100,25
2025-03-14,QQQ,2025-04-11,28,put,550.0,33.19,34.54,33.86,-0.9152,0.00678,-0.0635,80.2903,16.0,100,25
2025-03-14,QQQ,2025-04-11,28,call,555.0,0.54,0.56,0.55,0.0573,0.00501,-0.047,59.3988,16.0,100,25
2025-03-14,QQQ,2025-04-11,28,put,555.0,37.77,39.31,38.54,-0.9427,0.00501,-0.047,59.3988,16.0,100,25
2025-03-14,QQQ,2025-05-09,56,call,490.0,29.83,31.05,30.44,0.8126,0.0083,-0.0778,139.1142,16.0,100,25
2025-03-14,QQQ,2025-05-09,56,put,490.0,3.36,3.5,3.43,-0.1874,0.0083,-0.0778,139.1142,16.0,100,25
2025-03-14,QQQ,2025-05-09,56,call,495.0,26.05,27.12,26.59,0.7659,0.00946,-0.0887,158.53,16.0,100,25
2025-03-14,QQQ,2025-05-09,56,put,495.0,4.48,4.66,4.57,-0.2341,0.00946,-0.0887,158.53,16.0,100,25
2025-03-14,QQQ,2025-05-09,56,call,500.0,22.53,23.44,22.98,0.714,0.0105,-0.0984,175.815,16.0,449,112
2025-03-14,QQQ,2025-05-09,56,put,500.0,5.86,6.09,5.97,-0.286,0.0105,-0.0984,175.815,16.0,269,67
2025-03-14,QQQ,2025-05-09,56,call,505.0,19.27,20.06,19.66,0.6578,0.01134,-0.1063,189.911,16.0,3372,843
2025-03-14,QQQ,2025-05-09,56,put,505.0,7.5,7.81,7.65,-0.3422,0.01134,-0.1063,189.911,16.0,2023,505
2025-03-14,QQQ,2025-05-09,56,call,510.0,16.31,16.98,16.64,0.5984,0.01194,-0.1119,199.9531,16.0,12633,3158
2025-03-14,QQQ,2025-05-09,56,put,510.0,9.44,9.83,9.63,-0.4016,0.01194,-0.1119,199.9531,16.0,7580,1895
2025-03-14,QQQ,2025-05-09,56,call,515.0,13.65,14.21,13.93,0.5372,0.01226,-0.1149,205.3577,16.0,23635,5908
2025-03-14,QQQ,2025-05-09,56,put,515.0,11.68,12.16,11.92,-0.4628,0.01226,-0.1149,205.3577,16.0,14181,3545
2025-03-14,QQQ,2025-05-09,56,call,520.0,11.29,11.75,11.52,0.4758,0.01229,-0.1152,205.8778,16.0,22080,5520
2025-03-14,QQQ,2025-05-09,56,put,520.0,14.22,14.8,14.51,-0.5242,0.01229,-0.1152,205.8778,16.0,13248,3312
2025-03-14,QQQ,2025-05-09,56,call,525.0,9.23,9.61,9.42,0.4155,0.01204,-0.1128,201.615,16.0,10300,2575
2025-03-14,QQQ,2025-05-09,56,put,525.0,17.06,17.76,17.41,-0.5845,0.01204,-0.1128,201.615,16.0,6180,1545
2025-03-14,QQQ,2025-05-09,56,call,530.0,7.45,7.76,7.61,0.3577,0.01152,-0.108,192.9924,16.0,2399,599
2025-03-14,QQQ,2025-05-09,56,put,530.0,20.18,21.01,20.59,-0.6423,0.01152,-0.108,192.9924,16.0,1439,359
2025-03-14,QQQ,2025-05-09,56,call,535.0,5.94,6.19,6.07,0.3035,0.01079,-0.1011,180.6928,16.0,279,69
2025-03-14,QQQ,2025-05-09,56,put,535.0,23.57,24.54,24.05,-0.6965,0.01079,-0.1011,180.6928,16.0,167,41
2025-03-14,QQQ,2025-05-09,56,call,540.0,4.68,4.87,4.78,0.2537,0.00988,-0.0926,165.5747,16.0,100,25
2025-03-14,QQQ,2025-05-09,56,put,540.0,27.21,28.32,27.77,-0.7463,0.00988,-0.0926,165.5747,16.0,100,25
2025-03-14,QQQ,2025-05-09,56,call,545.0,3.64,3.79,3.71,0.209,0.00887,-0.0831,148.58,16.0,100,25
2025-03-14,QQQ,2025-05-09,56,put,545.0,31.07,32.34,31.71,-0.791,0.00887,-0.0831,148.58,16.0,100,25
2025-03-14,QQQ,2025-05-09,56,call,550.0,2.8,2.91,2.85,0.1696,0.0078,-0.0731,130.6447,16.0,100,25
2025-03-14,QQQ,2025-05-09,56,put,550.0,35.13,36.56,35.84,-0.8304,0.0078,-0.0731,130.6447,16.0,100,25
2025-03-14,QQQ,2025-05-09,56,call,555.0,2.12,2.21,2.17,0.1357,0.00672,-0.063,112.6242,16.0,100,25
2025-03-14,QQQ,2025-05-09,56,put,555.0,39.35,40.96,40.16,-0.8643,0.00672,-0.063,112.6242,16.0,100,25
